country,iso3,variable,value_2011,source_2011,nearest_year_to_2011,nearest_value_to_2011,value_2021,source_2021,nearest_year_to_2021,nearest_value_to_2021
Australia,AUS,population,22340024,"World Bank, World Development Indicators (SP.POP.TOTL), sourced from UN World Population Prospects and national statistical offices",,,25685412,"World Bank, World Development Indicators (SP.POP.TOTL), sourced from UN World Population Prospects and national statistical offices",,
Australia,AUS,foreign_born,6018180,"OECD International Migration Database (stocks of foreign-born population, measure B14)",,,7525860,"OECD International Migration Database (stocks of foreign-born population, measure B14)",,
Australia,AUS,foreign_nationals,,,,,,,,
Austria,AUT,population,8391643,"World Bank, World Development Indicators (SP.POP.TOTL), sourced from UN World Population Prospects and national statistical offices",,,8955797,"World Bank, World Development Indicators (SP.POP.TOTL), sourced from UN World Population Prospects and national statistical offices",,
Austria,AUT,foreign_born,1294224,Eurostat [migr_pop3ctb],,,1792053,Eurostat [migr_pop3ctb],,
Austria,AUT,foreign_nationals,908591,Eurostat [migr_pop1ctz],,,1517372,Eurostat [migr_pop1ctz],,
Belgium,BEL,population,11038264,"World Bank, World Development Indicators (SP.POP.TOTL), sourced from UN World Population Prospects and national statistical offices",,,11586195,"World Bank, World Development Indicators (SP.POP.TOTL), sourced from UN World Population Prospects and national statistical offices",,
Belgium,BEL,foreign_born,1628793,Eurostat [migr_pop3ctb],,,2065727,Eurostat [migr_pop3ctb],,
Belgium,BEL,foreign_nationals,1162608,Eurostat [migr_pop1ctz],,,1454039,Eurostat [migr_pop1ctz],,
Bulgaria,BGR,population,7348328,"World Bank, World Development Indicators (SP.POP.TOTL), sourced from UN World Population Prospects and national statistical offices",,,6507301,"World Bank, World Development Indicators (SP.POP.TOTL), sourced from UN World Population Prospects and national statistical offices",,
Bulgaria,BGR,foreign_born,78621,Eurostat [migr_pop3ctb],,,188519,Eurostat [migr_pop3ctb],,
Bulgaria,BGR,foreign_nationals,38815,Eurostat [migr_pop1ctz],,,108438,Eurostat [migr_pop1ctz],,
Chile,CHL,population,17351816,"World Bank, World Development Indicators (SP.POP.TOTL), sourced from UN World Population Prospects and national statistical offices",,,19456334,"World Bank, World Development Indicators (SP.POP.TOTL), sourced from UN World Population Prospects and national statistical offices",,
Chile,CHL,foreign_born,369436,"OECD International Migration Database (stocks of foreign-born population, measure B14)",,,1534813,"OECD International Migration Database (stocks of foreign-born population, measure B14)",,
Chile,CHL,foreign_nationals,,,2017,746465,1630812,"OECD International Migration Database (stocks of foreign population, measure B15)",,
China,CHN,population,1345035000,"World Bank, World Development Indicators (SP.POP.TOTL), sourced from UN World Population Prospects and national statistical offices",,,1412360000,"World Bank, World Development Indicators (SP.POP.TOTL), sourced from UN World Population Prospects and national statistical offices",,
China,CHN,foreign_born,,,2010,1010008,,,2020,1415116
China,CHN,foreign_nationals,,,2010,593832,,,2020,845697
Croatia,HRV,population,4280622,"World Bank, World Development Indicators (SP.POP.TOTL), sourced from UN World Population Prospects and national statistical offices",,,3878981,"World Bank, World Development Indicators (SP.POP.TOTL), sourced from UN World Population Prospects and national statistical offices",,
Croatia,HRV,foreign_born,584947,"Croatian Bureau of Statistics, Census 2011",,,478056,Eurostat [migr_pop3ctb],,
Croatia,HRV,foreign_nationals,23276,"Croatian Bureau of Statistics, Census 2011",,,26259,Eurostat [migr_pop1ctz],,
Czech Republic,CZE,population,10496088,"World Bank, World Development Indicators (SP.POP.TOTL), sourced from UN World Population Prospects and national statistical offices",,,10505772,"World Bank, World Development Indicators (SP.POP.TOTL), sourced from UN World Population Prospects and national statistical offices",,
Czech Republic,CZE,foreign_born,387971,Eurostat [migr_pop3ctb],,,409220,Eurostat [migr_pop3ctb],,
Czech Republic,CZE,foreign_nationals,416737,Eurostat [migr_pop1ctz],,,488532,Eurostat [migr_pop1ctz],,
Denmark,DNK,population,5570572,"World Bank, World Development Indicators (SP.POP.TOTL), sourced from UN World Population Prospects and national statistical offices",,,5856733,"World Bank, World Development Indicators (SP.POP.TOTL), sourced from UN World Population Prospects and national statistical offices",,
Denmark,DNK,foreign_born,517230,Eurostat [migr_pop3ctb],,,721135,Eurostat [migr_pop3ctb],,
Denmark,DNK,foreign_nationals,345884,Eurostat [migr_pop1ctz],,,539443,Eurostat [migr_pop1ctz],,
Finland,FIN,population,5388272,"World Bank, World Development Indicators (SP.POP.TOTL), sourced from UN World Population Prospects and national statistical offices",,,5541017,"World Bank, World Development Indicators (SP.POP.TOTL), sourced from UN World Population Prospects and national statistical offices",,
Finland,FIN,foreign_born,243217,Eurostat [migr_pop3ctb],,,408676,Eurostat [migr_pop3ctb],,
Finland,FIN,foreign_nationals,166627,Eurostat [migr_pop1ctz],,,277217,Eurostat [migr_pop1ctz],,
France,FRA,population,65340830,"World Bank, World Development Indicators (SP.POP.TOTL), sourced from UN World Population Prospects and national statistical offices",,,67842811,"World Bank, World Development Indicators (SP.POP.TOTL), sourced from UN World Population Prospects and national statistical offices",,
France,FRA,foreign_born,7335966,Eurostat [migr_pop3ctb],,,8548924,Eurostat [migr_pop3ctb],,
France,FRA,foreign_nationals,3875096,Eurostat [migr_pop1ctz],,,5302510,Eurostat [migr_pop1ctz],,
Germany,DEU,population,80274983,"World Bank, World Development Indicators (SP.POP.TOTL), sourced from UN World Population Prospects and national statistical offices",,,83196078,"World Bank, World Development Indicators (SP.POP.TOTL), sourced from UN World Population Prospects and national statistical offices",,
Germany,DEU,foreign_born,8935603,Eurostat [migr_pop3ctb],,,15162728,Eurostat [migr_pop3ctb],,
Germany,DEU,foreign_nationals,6107216,Eurostat [migr_pop1ctz],,,10585053,Eurostat [migr_pop1ctz],,
Hungary,HUN,population,9971727,"World Bank, World Development Indicators (SP.POP.TOTL), sourced from UN World Population Prospects and national statistical offices",,,9630932,"World Bank, World Development Indicators (SP.POP.TOTL), sourced from UN World Population Prospects and national statistical offices",,
Hungary,HUN,foreign_born,443295,Eurostat [migr_pop3ctb],,,597440,Eurostat [migr_pop3ctb],,
Hungary,HUN,foreign_nationals,209202,Eurostat [migr_pop1ctz],,,194240,Eurostat [migr_pop1ctz],,
Iceland,ISL,population,319014,"World Bank, World Development Indicators (SP.POP.TOTL), sourced from UN World Population Prospects and national statistical offices",,,372520,"World Bank, World Development Indicators (SP.POP.TOTL), sourced from UN World Population Prospects and national statistical offices",,
Iceland,ISL,foreign_born,34650,Eurostat [migr_pop3ctb],,,67438,Eurostat [migr_pop3ctb],,
Iceland,ISL,foreign_nationals,21143,Eurostat [migr_pop1ctz],,,51283,Eurostat [migr_pop1ctz],,
India,IND,population,1261224954,"World Bank, World Development Indicators (SP.POP.TOTL), sourced from UN World Population Prospects and national statistical offices",,,1414203896,"World Bank, World Development Indicators (SP.POP.TOTL), sourced from UN World Population Prospects and national statistical offices",,
India,IND,foreign_born,5490000,"Chandrasekhar S. and Sharma A., Migration in India: trends and characteristics, Demography India Vol. 51 No. 1 (2022) pp.160-175 (Census of India 2011 place-of-birth data)",,,,,2020,4929816
India,IND,foreign_nationals,,,,,,,,
Israel,ISR,population,7765800,"World Bank, World Development Indicators (SP.POP.TOTL), sourced from UN World Population Prospects and national statistical offices",,,9371400,"World Bank, World Development Indicators (SP.POP.TOTL), sourced from UN World Population Prospects and national statistical offices",,
Israel,ISR,foreign_born,1869000,"OECD International Migration Database (stocks of foreign-born population, measure B14)",,,1797300,"OECD International Migration Database (stocks of foreign-born population, measure B14)",,
Israel,ISR,foreign_nationals,,,,,,,,
Italy,ITA,population,60026841,"World Bank, World Development Indicators (SP.POP.TOTL), sourced from UN World Population Prospects and national statistical offices",,,59133173,"World Bank, World Development Indicators (SP.POP.TOTL), sourced from UN World Population Prospects and national statistical offices",,
Italy,ITA,foreign_born,4834495,Eurostat [migr_pop3ctb],,,6262207,Eurostat [migr_pop3ctb],,
Italy,ITA,foreign_nationals,4101335,Eurostat [migr_pop1ctz],,,5171894,Eurostat [migr_pop1ctz],,
Japan,JPN,population,127833000,"World Bank, World Development Indicators (SP.POP.TOTL), sourced from UN World Population Prospects and national statistical offices",,,125681593,"World Bank, World Development Indicators (SP.POP.TOTL), sourced from UN World Population Prospects and national statistical offices",,
Japan,JPN,foreign_born,,,,,,,,
Japan,JPN,foreign_nationals,2132913,"OECD International Migration Database (stocks of foreign population, measure B15)",,,2887116,"OECD International Migration Database (stocks of foreign population, measure B15)",,
Korea (South),KOR,population,49936638,"World Bank, World Development Indicators (SP.POP.TOTL), sourced from UN World Population Prospects and national statistical offices",,,51769539,"World Bank, World Development Indicators (SP.POP.TOTL), sourced from UN World Population Prospects and national statistical offices",,
Korea (South),KOR,foreign_born,,,2010,566098,,,2020,1723389
Korea (South),KOR,foreign_nationals,1088638,"OECD International Migration Database (stocks of foreign population, measure B15)",,,1889454,"OECD International Migration Database (stocks of foreign population, measure B15)",,
Lithuania,LTU,population,3028115,"World Bank, World Development Indicators (SP.POP.TOTL), sourced from UN World Population Prospects and national statistical offices",,,2808380,"World Bank, World Development Indicators (SP.POP.TOTL), sourced from UN World Population Prospects and national statistical offices",,
Lithuania,LTU,foreign_born,149544,Eurostat [migr_pop3ctb],,,155586,Eurostat [migr_pop3ctb],,
Lithuania,LTU,foreign_nationals,24031,Eurostat [migr_pop1ctz],,,20001,Eurostat [migr_pop1ctz],,
Mexico,MEX,population,115243504,"World Bank, World Development Indicators (SP.POP.TOTL), sourced from UN World Population Prospects and national statistical offices",,,127648148,"World Bank, World Development Indicators (SP.POP.TOTL), sourced from UN World Population Prospects and national statistical offices",,
Mexico,MEX,foreign_born,966778,"OECD International Migration Database (stocks of foreign-born population, measure B14)",,,,,2020,1169883
Mexico,MEX,foreign_nationals,281053,"OECD International Migration Database (stocks of foreign population, measure B15)",,,579843,"OECD International Migration Database (stocks of foreign population, measure B15)",,
Netherlands,NLD,population,16693074,"World Bank, World Development Indicators (SP.POP.TOTL), sourced from UN World Population Prospects and national statistical offices",,,17533044,"World Bank, World Development Indicators (SP.POP.TOTL), sourced from UN World Population Prospects and national statistical offices",,
Netherlands,NLD,foreign_born,1868655,Eurostat [migr_pop3ctb],,,2451157,Eurostat [migr_pop3ctb],,
Netherlands,NLD,foreign_nationals,673235,Eurostat [migr_pop1ctz],,,1171380,Eurostat [migr_pop1ctz],,
New Zealand,NZL,population,4384000,"World Bank, World Development Indicators (SP.POP.TOTL), sourced from UN World Population Prospects and national statistical offices",,,5084600,"World Bank, World Development Indicators (SP.POP.TOTL), sourced from UN World Population Prospects and national statistical offices",,
New Zealand,NZL,foreign_born,,,2010,956982,,,2020,1343900
New Zealand,NZL,foreign_nationals,,,,,,,,
Norway,NOR,population,4953088,"World Bank, World Development Indicators (SP.POP.TOTL), sourced from UN World Population Prospects and national statistical offices",,,5408320,"World Bank, World Development Indicators (SP.POP.TOTL), sourced from UN World Population Prospects and national statistical offices",,
Norway,NOR,foreign_born,572231,Eurostat [migr_pop3ctb],,,878153,Eurostat [migr_pop3ctb],,
Norway,NOR,foreign_nationals,369132,Eurostat [migr_pop1ctz],,,601525,Eurostat [migr_pop1ctz],,
Philippines,PHL,population,98248614,"World Bank, World Development Indicators (SP.POP.TOTL), sourced from UN World Population Prospects and national statistical offices",,,113100950,"World Bank, World Development Indicators (SP.POP.TOTL), sourced from UN World Population Prospects and national statistical offices",,
Philippines,PHL,foreign_born,,,2010,178147,,,2020,87212
Philippines,PHL,foreign_nationals,,,2010,177368,,,2020,78396
Poland,POL,population,38063255,"World Bank, World Development Indicators (SP.POP.TOTL), sourced from UN World Population Prospects and national statistical offices",,,36981559,"World Bank, World Development Indicators (SP.POP.TOTL), sourced from UN World Population Prospects and national statistical offices",,
Poland,POL,foreign_born,637408,Eurostat [migr_pop3ctb],,,935740,Eurostat [migr_pop3ctb],,
Poland,POL,foreign_nationals,79338,Eurostat [migr_pop1ctz],,,447442,Eurostat [migr_pop1ctz],,
Portugal,PRT,population,10557560,"World Bank, World Development Indicators (SP.POP.TOTL), sourced from UN World Population Prospects and national statistical offices",,,10361831,"World Bank, World Development Indicators (SP.POP.TOTL), sourced from UN World Population Prospects and national statistical offices",,
Portugal,PRT,foreign_born,755484,Eurostat [migr_pop3ctb],,,1495524,Eurostat [migr_pop3ctb],,
Portugal,PRT,foreign_nationals,445262,Eurostat [migr_pop1ctz],,,595794,Eurostat [migr_pop1ctz],,
Russia,RUS,population,143018195,"World Bank, World Development Indicators (SP.POP.TOTL), sourced from UN World Population Prospects and national statistical offices",,,144746762,"World Bank, World Development Indicators (SP.POP.TOTL), sourced from UN World Population Prospects and national statistical offices",,
Russia,RUS,foreign_born,,,2010,11199727,,,2020,7297611
Russia,RUS,foreign_nationals,,,,,,,,
Slovak Republic,SVK,population,5398384,"World Bank, World Development Indicators (SP.POP.TOTL), sourced from UN World Population Prospects and national statistical offices",,,5447247,"World Bank, World Development Indicators (SP.POP.TOTL), sourced from UN World Population Prospects and national statistical offices",,
Slovak Republic,SVK,foreign_born,68135,Eurostat [migr_pop3ctb],,,201941,Eurostat [migr_pop3ctb],,
Slovak Republic,SVK,foreign_nationals,69607,Eurostat [migr_pop1ctz],,,82075,Eurostat [migr_pop1ctz],,
Slovenia,SVN,population,2052843,"World Bank, World Development Indicators (SP.POP.TOTL), sourced from UN World Population Prospects and national statistical offices",,,2108079,"World Bank, World Development Indicators (SP.POP.TOTL), sourced from UN World Population Prospects and national statistical offices",,
Slovenia,SVN,foreign_born,228588,Eurostat [migr_pop3ctb],,,292824,Eurostat [migr_pop3ctb],,
Slovenia,SVN,foreign_nationals,82746,Eurostat [migr_pop1ctz],,,168651,Eurostat [migr_pop1ctz],,
South Africa,ZAF,population,52995205,"World Bank, World Development Indicators (SP.POP.TOTL), sourced from UN World Population Prospects and national statistical offices",,,61502603,"World Bank, World Development Indicators (SP.POP.TOTL), sourced from UN World Population Prospects and national statistical offices",,
South Africa,ZAF,foreign_born,2184408,Statistics South Africa - Census 2011 (as tabulated in the Census 2022 Statistical Release P0301.4),,,,,2020,2639076
South Africa,ZAF,foreign_nationals,,,,,,,,
Spain,ESP,population,46742697,"World Bank, World Development Indicators (SP.POP.TOTL), sourced from UN World Population Prospects and national statistical offices",,,47443821,"World Bank, World Development Indicators (SP.POP.TOTL), sourced from UN World Population Prospects and national statistical offices",,
Spain,ESP,foreign_born,6282205,Eurostat [migr_pop3ctb],,,7254797,Eurostat [migr_pop3ctb],,
Spain,ESP,foreign_nationals,5312439,Eurostat [migr_pop1ctz],,,5402702,Eurostat [migr_pop1ctz],,
Suriname,SUR,population,556269,"World Bank, World Development Indicators (SP.POP.TOTL), sourced from UN World Population Prospects and national statistical offices",,,617896,"World Bank, World Development Indicators (SP.POP.TOTL), sourced from UN World Population Prospects and national statistical offices",,
Suriname,SUR,foreign_born,,,2010,39713,,,2020,47801
Suriname,SUR,foreign_nationals,,,2012,36393,,,2012,36393
Sweden,SWE,population,9449213,"World Bank, World Development Indicators (SP.POP.TOTL), sourced from UN World Population Prospects and national statistical offices",,,10415811,"World Bank, World Development Indicators (SP.POP.TOTL), sourced from UN World Population Prospects and national statistical offices",,
Sweden,SWE,foreign_born,1384111,Eurostat [migr_pop3ctb],,,2045234,Eurostat [migr_pop3ctb],,
Sweden,SWE,foreign_nationals,622275,Eurostat [migr_pop1ctz],,,892254,Eurostat [migr_pop1ctz],,
Switzerland,CHE,population,7912398,"World Bank, World Development Indicators (SP.POP.TOTL), sourced from UN World Population Prospects and national statistical offices",,,8704546,"World Bank, World Development Indicators (SP.POP.TOTL), sourced from UN World Population Prospects and national statistical offices",,
Switzerland,CHE,foreign_born,1940349,Eurostat [migr_pop3ctb],,,2553225,Eurostat [migr_pop3ctb],,
Switzerland,CHE,foreign_nationals,1765750,Eurostat [migr_pop1ctz],,,2208864,Eurostat [migr_pop1ctz],,
Taiwan,TWN,population,23225000,"內政部統計處 內政統計年報 108年版 (MOI Dept. of Statistics, Statistical Yearbook of Interior, 2019 ed.)",,,23375314,"內政部統計處 內政統計月報 115年5月 (MOI Dept. of Statistics, Monthly Bulletin of Interior Statistics, May 2026)",,
Taiwan,TWN,foreign_born,,,,,,,,
Taiwan,TWN,foreign_nationals,,,2012,483921,752900,"Taiwan Ministry of the Interior, Department of Statistics (內政統計通報), foreign residents 外僑居留人數",,
Thailand,THA,population,69007208,"World Bank, World Development Indicators (SP.POP.TOTL), sourced from UN World Population Prospects and national statistical offices",,,71727332,"World Bank, World Development Indicators (SP.POP.TOTL), sourced from UN World Population Prospects and national statistical offices",,
Thailand,THA,foreign_born,,,2010,2640454,,,2020,3015007
Thailand,THA,foreign_nationals,,,2018,4898461,,,2018,4898461
Turkey,TUR,population,74223629,"World Bank, World Development Indicators (SP.POP.TOTL), sourced from UN World Population Prospects and national statistical offices",,,84147318,"World Bank, World Development Indicators (SP.POP.TOTL), sourced from UN World Population Prospects and national statistical offices",,
Turkey,TUR,foreign_born,,,2014,1459775,3141351,"OECD International Migration Database (stocks of foreign-born population, measure B14)",,
Turkey,TUR,foreign_nationals,190531,"OECD International Migration Database (stocks of foreign population, measure B15)",,,1792036,"OECD International Migration Database (stocks of foreign population, measure B15)",,
United Kingdom,GBR,population,63258810,"World Bank, World Development Indicators (SP.POP.TOTL), sourced from UN World Population Prospects and national statistical offices",,,66978000,"World Bank, World Development Indicators (SP.POP.TOTL), sourced from UN World Population Prospects and national statistical offices",,
United Kingdom,GBR,foreign_born,7342547,Eurostat [migr_pop3ctb],,,9600000,"ONS, Population of the UK by country of birth and nationality",,
United Kingdom,GBR,foreign_nationals,4546862,Eurostat [migr_pop1ctz],,,6000000,"ONS, Population of the UK by country of birth and nationality",,
United States,USA,population,311839461,"World Bank, World Development Indicators (SP.POP.TOTL), sourced from UN World Population Prospects and national statistical offices",,,332100166,"World Bank, World Development Indicators (SP.POP.TOTL), sourced from UN World Population Prospects and national statistical offices",,
United States,USA,foreign_born,40381570,"OECD International Migration Database (stocks of foreign-born population, measure B14)",,,45272945,"OECD International Migration Database (stocks of foreign-born population, measure B14)",,
United States,USA,foreign_nationals,22225536,"OECD International Migration Database (stocks of foreign population, measure B15)",,,22164662,"OECD International Migration Database (stocks of foreign population, measure B15)",,
"Amber columns are NOT the target year. They show the nearest year with data, so you can see how far the closest observation sits from 2011/2021. Nothing here is interpolated.",,,,,,,,,,
