source_id,source_name,countries,topics,years,original_status,retrieval_status,http_status,bytes,content_type,snapshot_path,snapshot_sha256,retrieved_at,tls_verification,error,source_url
S0001,"World Bank API, country-filtered",Australia,population (WDI),2010–2022,downloaded,retrieved,200,2666,application/json;charset=utf-8,sources/S0001_api-worldbank-org_sp-pop-totl_0d971a13d750.json,94a0501fcccf9c1818010b504bb88f57a3a0a6ebd1d6f5512409681ac22c2deb,2026-08-17,unverified_local_proxy,,https://api.worldbank.org/v2/country/AUS/indicator/SP.POP.TOTL?format=json&date=2010:2022&per_page=100
S0002,"World Bank API, country-filtered",Austria,population (WDI),2010–2022,downloaded,retrieved,200,2627,application/json;charset=utf-8,sources/S0002_api-worldbank-org_sp-pop-totl_dedef1395e6c.json,138c3e4e4d7aed05dfad907b3552126cc448a0f49880e249bf23bb880d3239e4,2026-08-17,unverified_local_proxy,,https://api.worldbank.org/v2/country/AUT/indicator/SP.POP.TOTL?format=json&date=2010:2022&per_page=100
S0003,"World Bank API, country-filtered",Belgium,population (WDI),2010–2022,downloaded,retrieved,200,2640,application/json;charset=utf-8,sources/S0003_api-worldbank-org_sp-pop-totl_4566403b89fa.json,7f4f6a272d01c2ab3d38afc04013b55743f8a698977fb9c5146872850ea98d34,2026-08-17,unverified_local_proxy,,https://api.worldbank.org/v2/country/BEL/indicator/SP.POP.TOTL?format=json&date=2010:2022&per_page=100
S0004,"World Bank API, country-filtered",Bulgaria,population (WDI),2010–2022,downloaded,retrieved,200,2640,application/json;charset=utf-8,sources/S0004_api-worldbank-org_sp-pop-totl_1a324d69d84f.json,53010c21c68daf48a5913026e23bc405ce3d3f7bb97d6c9aa465e70416d90768,2026-08-17,unverified_local_proxy,,https://api.worldbank.org/v2/country/BGR/indicator/SP.POP.TOTL?format=json&date=2010:2022&per_page=100
S0005,"World Bank API, country-filtered",Switzerland,population (WDI),2010–2022,downloaded,retrieved,200,2679,application/json;charset=utf-8,sources/S0005_api-worldbank-org_sp-pop-totl_c62fae7b9848.json,0bdbc198d35be9cb0ce31535f0ad7a1cbfb6b228335ee6a66789b00df5f0c62c,2026-08-17,unverified_local_proxy,,https://api.worldbank.org/v2/country/CHE/indicator/SP.POP.TOTL?format=json&date=2010:2022&per_page=100
S0006,"World Bank API, country-filtered",Chile,population (WDI),2010–2022,downloaded,retrieved,200,2614,application/json;charset=utf-8,sources/S0006_api-worldbank-org_sp-pop-totl_5537d1899453.json,53975ede106f0668a9a570cbb17350468ad9d22af9c1e7886fa7d878a8fc34d1,2026-08-17,unverified_local_proxy,,https://api.worldbank.org/v2/country/CHL/indicator/SP.POP.TOTL?format=json&date=2010:2022&per_page=100
S0007,"World Bank API, country-filtered",China,population (WDI),2010–2022,downloaded,retrieved,200,2640,application/json;charset=utf-8,sources/S0007_api-worldbank-org_sp-pop-totl_5c944cfae1ed.json,a74936e07531fbd5030bd422a8f709f9c65327fa1281f4cd5038d862faa7427c,2026-08-17,unverified_local_proxy,,https://api.worldbank.org/v2/country/CHN/indicator/SP.POP.TOTL?format=json&date=2010:2022&per_page=100
S0008,UN DESA International Migrant Stock (World Bank indicator SM.POP.TOTL),China; India; Philippines; Russia; South Africa; Suriname; Thailand,foreign_born,2010;2015;2020,downloaded,retrieved,200,19399,application/json;charset=utf-8,sources/S0008_api-worldbank-org_sm-pop-totl_6f7d79d79ceb.json,22ba297c1d5a618177845c7656206697cbe223ddd6521b6630ea44ceeabdf0eb,2026-08-17,unverified_local_proxy,,https://api.worldbank.org/v2/country/CHN;IND;PHL;RUS;ZAF;SUR;THA/indicator/SM.POP.TOTL?format=json&date=2010:2022&per_page=200
S0009,"World Bank API, country-filtered",Czech Republic,population (WDI),2010–2022,downloaded,retrieved,200,2640,application/json;charset=utf-8,sources/S0009_api-worldbank-org_sp-pop-totl_9b0ace7bdfbb.json,cef5910fd8bedec39129793bcab62c5afdb98910c745b4ac1f1281360f6ebbf6,2026-08-17,unverified_local_proxy,,https://api.worldbank.org/v2/country/CZE/indicator/SP.POP.TOTL?format=json&date=2010:2022&per_page=100
S0010,"World Bank API, country-filtered",Germany,population (WDI),2010–2022,downloaded,retrieved,200,2640,application/json;charset=utf-8,sources/S0010_api-worldbank-org_sp-pop-totl_d52b8591f007.json,b5f2e14ffb3a8dad7098bb569f13a4c37fc17949c0edf0c0833521b46aa61641,2026-08-17,unverified_local_proxy,,https://api.worldbank.org/v2/country/DEU/indicator/SP.POP.TOTL?format=json&date=2010:2022&per_page=100
S0011,"World Bank API, country-filtered",Denmark,population (WDI),2010–2022,downloaded,retrieved,200,2627,application/json;charset=utf-8,sources/S0011_api-worldbank-org_sp-pop-totl_bb5279adcc5b.json,86b4fa4362bc257656f8751d334dcec84878a8335653d81028d712cccb91e50e,2026-08-17,unverified_local_proxy,,https://api.worldbank.org/v2/country/DNK/indicator/SP.POP.TOTL?format=json&date=2010:2022&per_page=100
S0012,"World Bank API, country-filtered",Spain,population (WDI),2010–2022,downloaded,retrieved,200,2614,application/json;charset=utf-8,sources/S0012_api-worldbank-org_sp-pop-totl_b8e96a16b894.json,0bfe3419498d9acafb4740d89f6593738ad768f4fbd46d25f88639c4ca3f0de6,2026-08-17,unverified_local_proxy,,https://api.worldbank.org/v2/country/ESP/indicator/SP.POP.TOTL?format=json&date=2010:2022&per_page=100
S0013,"World Bank API, country-filtered",Finland,population (WDI),2010–2022,downloaded,retrieved,200,2627,application/json;charset=utf-8,sources/S0013_api-worldbank-org_sp-pop-totl_526500b13545.json,6e444db2473d707a08f26de691d4553b3b8ace72e131db141aa6c9f217cc2e44,2026-08-17,unverified_local_proxy,,https://api.worldbank.org/v2/country/FIN/indicator/SP.POP.TOTL?format=json&date=2010:2022&per_page=100
S0014,"World Bank API, country-filtered",France,population (WDI),2010–2022,downloaded,retrieved,200,2627,application/json;charset=utf-8,sources/S0014_api-worldbank-org_sp-pop-totl_7d5e4beae4de.json,ebe6408c251aa57d0864b6881264d0a669fff772da0621b79772702fc7520580,2026-08-17,unverified_local_proxy,,https://api.worldbank.org/v2/country/FRA/indicator/SP.POP.TOTL?format=json&date=2010:2022&per_page=100
S0015,"World Bank API, country-filtered",United Kingdom,population (WDI),2010–2022,downloaded,retrieved,200,2731,application/json;charset=utf-8,sources/S0015_api-worldbank-org_sp-pop-totl_b5906a0c9e54.json,8d117d269a86948def90247294ee5351475424400a5bbf68c08b77763904e5f2,2026-08-17,unverified_local_proxy,,https://api.worldbank.org/v2/country/GBR/indicator/SP.POP.TOTL?format=json&date=2010:2022&per_page=100
S0016,"World Bank API, country-filtered",Croatia,population (WDI),2010–2022,downloaded,retrieved,200,2627,application/json;charset=utf-8,sources/S0016_api-worldbank-org_sp-pop-totl_2e769aa964ae.json,c9e2aaf95b7f896d818058d2c143fa458e3fe6d4132abedbe4a95431d0367161,2026-08-17,unverified_local_proxy,,https://api.worldbank.org/v2/country/HRV/indicator/SP.POP.TOTL?format=json&date=2010:2022&per_page=100
S0017,"World Bank API, country-filtered",Hungary,population (WDI),2010–2022,downloaded,retrieved,200,2628,application/json;charset=utf-8,sources/S0017_api-worldbank-org_sp-pop-totl_68e2eb990da4.json,b2f04c578458684aa8ad82ebf1987dde31ddfae463638a5c52907321b845c9c9,2026-08-17,unverified_local_proxy,,https://api.worldbank.org/v2/country/HUN/indicator/SP.POP.TOTL?format=json&date=2010:2022&per_page=100
S0018,"World Bank API, country-filtered",India,population (WDI),2010–2022,downloaded,retrieved,200,2640,application/json;charset=utf-8,sources/S0018_api-worldbank-org_sp-pop-totl_5b31ea13d423.json,3929a72b2147937a3000cdddbfcec61338b91583651f53b059f53932e333fd08,2026-08-17,unverified_local_proxy,,https://api.worldbank.org/v2/country/IND/indicator/SP.POP.TOTL?format=json&date=2010:2022&per_page=100
S0019,"World Bank API, country-filtered",Iceland,population (WDI),2010–2022,downloaded,retrieved,200,2614,application/json;charset=utf-8,sources/S0019_api-worldbank-org_sp-pop-totl_61c0abe4a84b.json,993a7db7c54ddf23454d6e680acb7b6f4642d00c8c86e1d11b243a6090011a63,2026-08-17,unverified_local_proxy,,https://api.worldbank.org/v2/country/ISL/indicator/SP.POP.TOTL?format=json&date=2010:2022&per_page=100
S0020,"World Bank API, country-filtered",Israel,population (WDI),2010–2022,downloaded,retrieved,200,2614,application/json;charset=utf-8,sources/S0020_api-worldbank-org_sp-pop-totl_5f569f6fe4df.json,dfe7a6a7d9db3826252844a96925ba57aaa19613d929633b1e7c0895fa489113,2026-08-17,unverified_local_proxy,,https://api.worldbank.org/v2/country/ISR/indicator/SP.POP.TOTL?format=json&date=2010:2022&per_page=100
S0021,"World Bank API, country-filtered",Italy,population (WDI),2010–2022,downloaded,retrieved,200,2614,application/json;charset=utf-8,sources/S0021_api-worldbank-org_sp-pop-totl_e37fd9d3630a.json,407b40df3dd64510369d89595ef3ca13b5a46c2237d80fddc43a427a4b5d43f1,2026-08-17,unverified_local_proxy,,https://api.worldbank.org/v2/country/ITA/indicator/SP.POP.TOTL?format=json&date=2010:2022&per_page=100
S0022,"World Bank API, country-filtered",Japan,population (WDI),2010–2022,downloaded,retrieved,200,2627,application/json;charset=utf-8,sources/S0022_api-worldbank-org_sp-pop-totl_cf47a397a471.json,1c2ab14f812026e50f55204b16515409d290052bb0a74cb5e05889c557eb0e04,2026-08-17,unverified_local_proxy,,https://api.worldbank.org/v2/country/JPN/indicator/SP.POP.TOTL?format=json&date=2010:2022&per_page=100
S0023,UN DESA International Migrant Stock (retrieved via World Bank indicator SM.POP.TOTL),Korea (South),foreign_born,2010;2015;2020,downloaded,retrieved,200,2868,application/json;charset=utf-8,sources/S0023_api-worldbank-org_sm-pop-totl_39715bf229d7.json,cffc879a8cac11ca792d95c0aee8eefc0ca4b56d909e819572119b8be797880f,2026-08-17,unverified_local_proxy,,https://api.worldbank.org/v2/country/KOR/indicator/SM.POP.TOTL?format=json&date=2010:2022
S0024,"World Bank API, country-filtered",Korea (South),population (WDI),2010–2022,downloaded,retrieved,200,2692,application/json;charset=utf-8,sources/S0024_api-worldbank-org_sp-pop-totl_b4b7359df72e.json,402c3708e2bd6186f03c0c6b3978956daf6f6f1ec056462aa95d08c2f7954ccd,2026-08-17,unverified_local_proxy,,https://api.worldbank.org/v2/country/KOR/indicator/SP.POP.TOTL?format=json&date=2010:2022&per_page=100
S0025,"World Bank API, country-filtered",Lithuania,population (WDI),2010–2022,downloaded,retrieved,200,2653,application/json;charset=utf-8,sources/S0025_api-worldbank-org_sp-pop-totl_fd6889ec98ec.json,36ecfcd922d46516f1d7992c12f37bf3cbdf410fe31b7e0b57b51faafd7150e5,2026-08-17,unverified_local_proxy,,https://api.worldbank.org/v2/country/LTU/indicator/SP.POP.TOTL?format=json&date=2010:2022&per_page=100
S0026,"World Bank API, country-filtered",Mexico,population (WDI),2010–2022,downloaded,retrieved,200,2640,application/json;charset=utf-8,sources/S0026_api-worldbank-org_sp-pop-totl_e81c0cc62e3d.json,bfa29360b36967ade99e69f025098f0fbe50fd991ae4783bdd25a1ab44d3e6f1,2026-08-17,unverified_local_proxy,,https://api.worldbank.org/v2/country/MEX/indicator/SP.POP.TOTL?format=json&date=2010:2022&per_page=100
S0027,"World Bank API, country-filtered",Netherlands,population (WDI),2010–2022,downloaded,retrieved,200,2692,application/json;charset=utf-8,sources/S0027_api-worldbank-org_sp-pop-totl_b54d63bb6adb.json,011feba28b6328d706ce234a905d80760a8d49c910587542d67b6c7369322af3,2026-08-17,unverified_local_proxy,,https://api.worldbank.org/v2/country/NLD/indicator/SP.POP.TOTL?format=json&date=2010:2022&per_page=100
S0028,"World Bank API, country-filtered",Norway,population (WDI),2010–2022,downloaded,retrieved,200,2614,application/json;charset=utf-8,sources/S0028_api-worldbank-org_sp-pop-totl_a10d0e5f80d7.json,86e3b3cb02b703acf35c1f154281fc93ba8de9bf7a7033b2a17b2a41c7d27793,2026-08-17,unverified_local_proxy,,https://api.worldbank.org/v2/country/NOR/indicator/SP.POP.TOTL?format=json&date=2010:2022&per_page=100
S0029,UN DESA International Migrant Stock (retrieved via World Bank indicator SM.POP.TOTL),New Zealand,foreign_born,2010;2015;2020,downloaded,retrieved,200,2868,application/json;charset=utf-8,sources/S0029_api-worldbank-org_sm-pop-totl_a9a6ec1ae110.json,ed2eb1caa8ce92bed70198f780d685ce1e1f5f6ef56ca71c811dbb10089809e4,2026-08-17,unverified_local_proxy,,https://api.worldbank.org/v2/country/NZL/indicator/SM.POP.TOTL?format=json&date=2010:2022
S0030,"World Bank API, country-filtered",New Zealand,population (WDI),2010–2022,downloaded,retrieved,200,2679,application/json;charset=utf-8,sources/S0030_api-worldbank-org_sp-pop-totl_05f9226c82d6.json,a65bca730b6151ead24bee135e6f5b15490fab0d1c2661213356a82a764991dc,2026-08-17,unverified_local_proxy,,https://api.worldbank.org/v2/country/NZL/indicator/SP.POP.TOTL?format=json&date=2010:2022&per_page=100
S0031,"World Bank API, country-filtered",Philippines,population (WDI),2010–2022,downloaded,retrieved,200,2703,application/json;charset=utf-8,sources/S0031_api-worldbank-org_sp-pop-totl_0c342094547d.json,b593a0a8c0d467ceab00d96d4fc738e52eb614daa127ce0d0e88bc695c3e189c,2026-08-17,unverified_local_proxy,,https://api.worldbank.org/v2/country/PHL/indicator/SP.POP.TOTL?format=json&date=2010:2022&per_page=100
S0032,"World Bank API, country-filtered",Poland,population (WDI),2010–2022,downloaded,retrieved,200,2627,application/json;charset=utf-8,sources/S0032_api-worldbank-org_sp-pop-totl_03c001664bab.json,aac4e1d432f32d015f484096a4721867adc4432d2667585cb572a18ce53abbc5,2026-08-17,unverified_local_proxy,,https://api.worldbank.org/v2/country/POL/indicator/SP.POP.TOTL?format=json&date=2010:2022&per_page=100
S0033,"World Bank API, country-filtered",Portugal,population (WDI),2010–2022,downloaded,retrieved,200,2653,application/json;charset=utf-8,sources/S0033_api-worldbank-org_sp-pop-totl_4fd702067a6a.json,5f6d65b9347de4c6cab8b6fa25d4f9100e14e73cd77289c157736c9a709f1b39,2026-08-17,unverified_local_proxy,,https://api.worldbank.org/v2/country/PRT/indicator/SP.POP.TOTL?format=json&date=2010:2022&per_page=100
S0034,"World Bank API, country-filtered",Russia,population (WDI),2010–2022,downloaded,retrieved,200,2796,application/json;charset=utf-8,sources/S0034_api-worldbank-org_sp-pop-totl_060923973d11.json,9ffb2124133c1c7d141b427353b9a304351de77ed16102d6733d5c66f6115572,2026-08-17,unverified_local_proxy,,https://api.worldbank.org/v2/country/RUS/indicator/SP.POP.TOTL?format=json&date=2010:2022&per_page=100
S0035,"World Bank API, country-filtered",Suriname,population (WDI),2010–2022,downloaded,retrieved,200,2627,application/json;charset=utf-8,sources/S0035_api-worldbank-org_sp-pop-totl_eccef6422f94.json,afcd6ac7df2db1b60421b7af8f1684e79bf974145a004e8530d91e4ca504fe20,2026-08-17,unverified_local_proxy,,https://api.worldbank.org/v2/country/SUR/indicator/SP.POP.TOTL?format=json&date=2010:2022&per_page=100
S0036,"World Bank API, country-filtered",Slovak Republic,population (WDI),2010–2022,downloaded,retrieved,200,2731,application/json;charset=utf-8,sources/S0036_api-worldbank-org_sp-pop-totl_41879995c362.json,5dd5ce24f008b0eb3bb3124078c9a356f6ae79f5052b90adda0ff7597872504b,2026-08-17,unverified_local_proxy,,https://api.worldbank.org/v2/country/SVK/indicator/SP.POP.TOTL?format=json&date=2010:2022&per_page=100
S0037,"World Bank API, country-filtered",Slovenia,population (WDI),2010–2022,downloaded,retrieved,200,2640,application/json;charset=utf-8,sources/S0037_api-worldbank-org_sp-pop-totl_d3cae00bf51f.json,755234a51f93b294851bc6452e72c55e69e1ae268d55cf5d2c9af77275039ed1,2026-08-17,unverified_local_proxy,,https://api.worldbank.org/v2/country/SVN/indicator/SP.POP.TOTL?format=json&date=2010:2022&per_page=100
S0038,"World Bank API, country-filtered",Sweden,population (WDI),2010–2022,downloaded,retrieved,200,2620,application/json;charset=utf-8,sources/S0038_api-worldbank-org_sp-pop-totl_ef0a4a6a3ada.json,7952f6c3b384fddf06799ad81b2038ca05e4aafb4f11a90f19e89bbb06f8ec97,2026-08-17,unverified_local_proxy,,https://api.worldbank.org/v2/country/SWE/indicator/SP.POP.TOTL?format=json&date=2010:2022&per_page=100
S0039,"World Bank API, country-filtered",Thailand,population (WDI),2010–2022,downloaded,retrieved,200,2653,application/json;charset=utf-8,sources/S0039_api-worldbank-org_sp-pop-totl_7b0b39d2a14e.json,c3ddd00b9263201a3dd888456845bc0cd52c4cc06da137599d3f60fea642dc9a,2026-08-17,unverified_local_proxy,,https://api.worldbank.org/v2/country/THA/indicator/SP.POP.TOTL?format=json&date=2010:2022&per_page=100
S0040,"World Bank API, country-filtered",Turkey,population (WDI),2010–2022,downloaded,retrieved,200,2640,application/json;charset=utf-8,sources/S0040_api-worldbank-org_sp-pop-totl_cfa0f87ace5a.json,9e3be3592174f6c4c421f3e864e82d03cad73b7592e7350c2c56d9d1c4115925,2026-08-17,unverified_local_proxy,,https://api.worldbank.org/v2/country/TUR/indicator/SP.POP.TOTL?format=json&date=2010:2022&per_page=100
S0041,"World Bank API, country-filtered",Taiwan,population (WDI),2010–2022,not_applicable,retrieved,200,85,application/json;charset=utf-8,sources/S0041_api-worldbank-org_sp-pop-totl_54128bc83118.json,244e629ceec4b53324246967388d17b706efe2207744b8148d60ea52dbccd264,2026-08-17,unverified_local_proxy,,https://api.worldbank.org/v2/country/TWN/indicator/SP.POP.TOTL?format=json&date=2010:2022&per_page=100
S0042,"World Bank API, country-filtered",United States,population (WDI),2010–2022,downloaded,retrieved,200,2731,application/json;charset=utf-8,sources/S0042_api-worldbank-org_sp-pop-totl_78ca2e72e599.json,9d14030b25216d18446505b3541d5e51d3b6c59b4ac18de5e311372340a2ff15,2026-08-17,unverified_local_proxy,,https://api.worldbank.org/v2/country/USA/indicator/SP.POP.TOTL?format=json&date=2010:2022&per_page=100
S0043,"World Bank API, country-filtered",South Africa,population (WDI),2010–2022,downloaded,retrieved,200,2705,application/json;charset=utf-8,sources/S0043_api-worldbank-org_sp-pop-totl_c1cae4ab42d4.json,2c9e87fa12a12bd5989ab8b79ae1ba9972730e79d7628a9ad7fa36dc596da1d4,2026-08-17,unverified_local_proxy,,https://api.worldbank.org/v2/country/ZAF/indicator/SP.POP.TOTL?format=json&date=2010:2022&per_page=100
S0044,"World Bank, World Development Indicators (SP.POP.TOTL), sourced from UN World Population Prospects and national statistical offices",Australia; Austria; Belgium; Bulgaria; Chile; China; Croatia; Czech Republic; Denmark; Finland; France; Germany; Hungary; Iceland; India; Israel; Italy; Japan; Korea (South); Lithuania; Mexico; Netherlands; New Zealand; Norway; Philippines; Poland; Portugal; Russia; Slovak Republic; Slovenia; South Africa; Spain; Suriname; Sweden; Switzerland; Thailand; Turkey; United Kingdom; United States,population,2010;2011;2012;2013;2014;2015;2016;2017;2018;2019;2020;2021;2022,downloaded,retrieved,200,17637,text/xml,sources/S0044_api-worldbank-org_sp-pop-totl_d16897e92b17.xml,46dedcf07a460b0f443550001ad0770aa5100a1dd7c8e25964d386f066556859,2026-08-17,unverified_local_proxy,,https://api.worldbank.org/v2/country/all/indicator/SP.POP.TOTL
S0045,Statistics South Africa - Census 2011 (as tabulated in the Census 2022 Statistical Release P0301.4) | Statistics South Africa - Census 2022 Statistical Release P0301.4,South Africa,foreign_born,2011;2022,downloaded,retrieved,200,3587195,application/pdf,sources/S0045_census-statssa-gov-za_p03014-census-2022-statistical-release-pdf_5cc8ceada215.pdf,a56ed6a19e880256f655fa14eb68ef8c211a111e35e2338b99e6cc1e1ada85fc,2026-08-17,unverified_local_proxy,,https://census.statssa.gov.za/assets/documents/2022/P03014_Census_2022_Statistical_Release.pdf
S0046,"Center for Migration Studies of New York (Robert Warren), US Undocumented Population Increased to 11.7 Million in July 2023",United States,irregular_stock,2020,downloaded,retrieved,200,65853,text/html; charset=UTF-8,sources/S0046_cmsny-org_us-undocumented-population-increased-in-july-2023-warren-090_1d8a1c19c50f.html,eb052315ae545b62128c73a89b2b4f1ed0c1b0b5d218449a2867654663758c3c,2026-08-17,unverified_local_proxy,,https://cmsny.org/us-undocumented-population-increased-in-july-2023-warren-090624/
S0047,Presidency of Migration Management / Goc Idaresi Baskanligi (GIB) data tabulated in Turkiye'nin Duzensiz Gocle Mucadele Stratejisine Iliskin Bir Degerlendirme (DergiPark),Turkey,irregular_proxy_detections,2021,downloaded,retrieved,200,1176954,application/pdf,sources/S0047_dergipark-org-tr_3843070_c32f075af39d.pdf,6997ceca1f36c1f5b2ed80cd8765d75e7b644990b54d2b2db8e2933bb9dabc6a,2026-08-17,unverified_local_proxy,,https://dergipark.org.tr/tr/download/article-file/3843070
S0048,Eurostat [migr_pop1ctz],Austria,foreign_nationals,2010;2011;2012;2013;2014;2015;2016;2017;2018;2019;2020;2021;2022,downloaded,retrieved,200,3211,application/json,sources/S0048_ec-europa-eu_migr-pop1ctz_0c2498dc159b.json,24578757c313f2d43b650b920dabf2c95ce9bc7aae2d71b0f6bdc23380d432e5,2026-08-17,unverified_local_proxy,,https://ec.europa.eu/eurostat/api/dissemination/statistics/1.0/data/migr_pop1ctz?format=JSON&lang=EN&geo=AT&age=TOTAL&sex=T&unit=NR&citizen=FOR_STLS&sinceTimePeriod=2010&untilTimePeriod=2022
S0049,Eurostat [migr_pop1ctz],Belgium,foreign_nationals,2010;2011;2012;2013;2014;2015;2016;2017;2018;2019;2020;2021;2022,downloaded,retrieved,200,3308,application/json,sources/S0049_ec-europa-eu_migr-pop1ctz_b7fe12ab1d15.json,d18211d83364d4333417bc783fafca4a95d59387532b6ba6b34169bc1c367101,2026-08-17,unverified_local_proxy,,https://ec.europa.eu/eurostat/api/dissemination/statistics/1.0/data/migr_pop1ctz?format=JSON&lang=EN&geo=BE&age=TOTAL&sex=T&unit=NR&citizen=FOR_STLS&sinceTimePeriod=2010&untilTimePeriod=2022
S0050,Eurostat [migr_pop1ctz],Bulgaria,foreign_nationals,2010;2011;2012;2013;2014;2015;2016;2017;2018;2019;2020;2021;2022,downloaded,retrieved,200,3192,application/json,sources/S0050_ec-europa-eu_migr-pop1ctz_61b3280eb66a.json,21f6f666ed2a23614d9145078ef0cdbfe33659671b1c1f3f778ee276dd818126,2026-08-17,unverified_local_proxy,,https://ec.europa.eu/eurostat/api/dissemination/statistics/1.0/data/migr_pop1ctz?format=JSON&lang=EN&geo=BG&age=TOTAL&sex=T&unit=NR&citizen=FOR_STLS&sinceTimePeriod=2010&untilTimePeriod=2022
S0051,Eurostat [migr_pop1ctz],Switzerland,foreign_nationals,2010;2011;2012;2013;2014;2015;2016;2017;2018;2019;2020;2021;2022,downloaded,retrieved,200,3286,application/json,sources/S0051_ec-europa-eu_migr-pop1ctz_8aaf0f60c0de.json,1d09beb0d55f0e4a94e7626a8478c36db5db8b53f2fc6b7d5af3d6ee34b3321e,2026-08-17,unverified_local_proxy,,https://ec.europa.eu/eurostat/api/dissemination/statistics/1.0/data/migr_pop1ctz?format=JSON&lang=EN&geo=CH&age=TOTAL&sex=T&unit=NR&citizen=FOR_STLS&sinceTimePeriod=2010&untilTimePeriod=2022
S0052,Eurostat [migr_pop1ctz],Czech Republic,foreign_nationals,2010;2011;2012;2013;2014;2015;2016;2017;2018;2019;2020;2021;2022,downloaded,retrieved,200,3270,application/json,sources/S0052_ec-europa-eu_migr-pop1ctz_2c4c1c039975.json,593ac9ada0fade2851ffc235886d748826abd4c07be47ff8044278dcd0388e14,2026-08-17,unverified_local_proxy,,https://ec.europa.eu/eurostat/api/dissemination/statistics/1.0/data/migr_pop1ctz?format=JSON&lang=EN&geo=CZ&age=TOTAL&sex=T&unit=NR&citizen=FOR_STLS&sinceTimePeriod=2010&untilTimePeriod=2022
S0053,Eurostat [migr_pop1ctz],Germany,foreign_nationals,2010;2011;2012;2013;2014;2015;2016;2017;2018;2019;2020;2021;2022,downloaded,retrieved,200,3219,application/json,sources/S0053_ec-europa-eu_migr-pop1ctz_c713334bc686.json,f125448fe2e3a53d04b7fae4e75ab91453f45415364024ab9ca5d63d92e00844,2026-08-17,unverified_local_proxy,,https://ec.europa.eu/eurostat/api/dissemination/statistics/1.0/data/migr_pop1ctz?format=JSON&lang=EN&geo=DE&age=TOTAL&sex=T&unit=NR&citizen=FOR_STLS&sinceTimePeriod=2010&untilTimePeriod=2022
S0054,Eurostat [migr_pop1ctz],Denmark,foreign_nationals,2010;2011;2012;2013;2014;2015;2016;2017;2018;2019;2020;2021;2022,downloaded,retrieved,200,3202,application/json,sources/S0054_ec-europa-eu_migr-pop1ctz_f7ad57fccd34.json,17b1de9e4746cc51eb3df3b5c23b862747a29bd3783137eea7eb9e55e847d95a,2026-08-17,unverified_local_proxy,,https://ec.europa.eu/eurostat/api/dissemination/statistics/1.0/data/migr_pop1ctz?format=JSON&lang=EN&geo=DK&age=TOTAL&sex=T&unit=NR&citizen=FOR_STLS&sinceTimePeriod=2010&untilTimePeriod=2022
S0055,Eurostat [migr_pop1ctz],Spain,foreign_nationals,2010;2011;2012;2013;2014;2015;2016;2017;2018;2019;2020;2021;2022,downloaded,retrieved,200,3213,application/json,sources/S0055_ec-europa-eu_migr-pop1ctz_a8466a9f62f9.json,610a873394494eead7621bc732f4db6339e73056da87fe2507b62d631f6832ad,2026-08-17,unverified_local_proxy,,https://ec.europa.eu/eurostat/api/dissemination/statistics/1.0/data/migr_pop1ctz?format=JSON&lang=EN&geo=ES&age=TOTAL&sex=T&unit=NR&citizen=FOR_STLS&sinceTimePeriod=2010&untilTimePeriod=2022
S0056,Eurostat [migr_pop1ctz],Finland,foreign_nationals,2010;2011;2012;2013;2014;2015;2016;2017;2018;2019;2020;2021;2022,downloaded,retrieved,200,3202,application/json,sources/S0056_ec-europa-eu_migr-pop1ctz_d9a131949c7c.json,4c54491069091876c326c932d1381479f445d9d2f9ecbbaa0896e6b8d967963f,2026-08-17,unverified_local_proxy,,https://ec.europa.eu/eurostat/api/dissemination/statistics/1.0/data/migr_pop1ctz?format=JSON&lang=EN&geo=FI&age=TOTAL&sex=T&unit=NR&citizen=FOR_STLS&sinceTimePeriod=2010&untilTimePeriod=2022
S0057,Eurostat [migr_pop1ctz],France,foreign_nationals,2010;2011;2012;2013;2014;2015;2016;2017;2018;2019;2020;2021;2022,downloaded,retrieved,200,3289,application/json,sources/S0057_ec-europa-eu_migr-pop1ctz_32c46b41d9a5.json,8ab2e1fd6de4673a096c8a278f7a8f64aba400570afeb086ad79964144a1318d,2026-08-17,unverified_local_proxy,,https://ec.europa.eu/eurostat/api/dissemination/statistics/1.0/data/migr_pop1ctz?format=JSON&lang=EN&geo=FR&age=TOTAL&sex=T&unit=NR&citizen=FOR_STLS&sinceTimePeriod=2010&untilTimePeriod=2022
S0058,Eurostat [migr_pop1ctz],Croatia,foreign_nationals,2013;2014;2015;2016;2017;2018;2019;2020;2021;2022,downloaded,retrieved,200,3232,application/json,sources/S0058_ec-europa-eu_migr-pop1ctz_7a5ed4c2cfa6.json,e936b6366d0698288c13927a29b1491fcdceea218a4cd29d02deb0beabbcdbe5,2026-08-17,unverified_local_proxy,,https://ec.europa.eu/eurostat/api/dissemination/statistics/1.0/data/migr_pop1ctz?format=JSON&lang=EN&geo=HR&age=TOTAL&sex=T&unit=NR&citizen=FOR_STLS&sinceTimePeriod=2010&untilTimePeriod=2022
S0059,Eurostat [migr_pop1ctz],Hungary,foreign_nationals,2010;2011;2012;2013;2014;2015;2016;2017;2018;2019;2020;2021;2022,downloaded,retrieved,200,3202,application/json,sources/S0059_ec-europa-eu_migr-pop1ctz_a32c1fd48a25.json,0bbe4e0f3445dd4fecf7fa8216c87e2294ccfb8bfb58d57afb91edc30c8e831c,2026-08-17,unverified_local_proxy,,https://ec.europa.eu/eurostat/api/dissemination/statistics/1.0/data/migr_pop1ctz?format=JSON&lang=EN&geo=HU&age=TOTAL&sex=T&unit=NR&citizen=FOR_STLS&sinceTimePeriod=2010&untilTimePeriod=2022
S0060,Eurostat [migr_pop1ctz],Iceland,foreign_nationals,2010;2011;2012;2013;2014;2015;2016;2017;2018;2019;2020;2021;2022,downloaded,retrieved,200,3189,application/json,sources/S0060_ec-europa-eu_migr-pop1ctz_a10f93db4ebd.json,9c361949a9b9ff29a09923aed6e11d2c3c4ba303b905a9e8cdd9cef9a4aa562f,2026-08-17,unverified_local_proxy,,https://ec.europa.eu/eurostat/api/dissemination/statistics/1.0/data/migr_pop1ctz?format=JSON&lang=EN&geo=IS&age=TOTAL&sex=T&unit=NR&citizen=FOR_STLS&sinceTimePeriod=2010&untilTimePeriod=2022
S0061,Eurostat [migr_pop1ctz],Italy,foreign_nationals,2010;2011;2012;2013;2014;2015;2016;2017;2018;2019;2020;2021;2022,downloaded,retrieved,200,3280,application/json,sources/S0061_ec-europa-eu_migr-pop1ctz_3d227ef1258e.json,b526f557983512cb1dd5ece123b7cdae9f6dfa045323231aa59fdbc23a8b505a,2026-08-17,unverified_local_proxy,,https://ec.europa.eu/eurostat/api/dissemination/statistics/1.0/data/migr_pop1ctz?format=JSON&lang=EN&geo=IT&age=TOTAL&sex=T&unit=NR&citizen=FOR_STLS&sinceTimePeriod=2010&untilTimePeriod=2022
S0062,Eurostat [migr_pop1ctz],Lithuania,foreign_nationals,2010;2011;2012;2013;2014;2015;2016;2017;2018;2019;2020;2021;2022,downloaded,retrieved,200,3191,application/json,sources/S0062_ec-europa-eu_migr-pop1ctz_a8db05bb4712.json,9ae574f4f7f4b5d33d768383a2a9f9d613feca175b9510186910dba0799235d9,2026-08-17,unverified_local_proxy,,https://ec.europa.eu/eurostat/api/dissemination/statistics/1.0/data/migr_pop1ctz?format=JSON&lang=EN&geo=LT&age=TOTAL&sex=T&unit=NR&citizen=FOR_STLS&sinceTimePeriod=2010&untilTimePeriod=2022
S0063,Eurostat [migr_pop1ctz],Netherlands,foreign_nationals,2010;2011;2012;2013;2014;2015;2016;2017;2018;2019;2020;2021;2022,downloaded,retrieved,200,3210,application/json,sources/S0063_ec-europa-eu_migr-pop1ctz_440b6248636f.json,93dbbb2355e18e6045fe7abbd2b238ab24e22b9d6550d1ee1f664d9e119e2059,2026-08-17,unverified_local_proxy,,https://ec.europa.eu/eurostat/api/dissemination/statistics/1.0/data/migr_pop1ctz?format=JSON&lang=EN&geo=NL&age=TOTAL&sex=T&unit=NR&citizen=FOR_STLS&sinceTimePeriod=2010&untilTimePeriod=2022
S0064,Eurostat [migr_pop1ctz],Norway,foreign_nationals,2010;2011;2012;2013;2014;2015;2016;2017;2018;2019;2020;2021;2022,downloaded,retrieved,200,3201,application/json,sources/S0064_ec-europa-eu_migr-pop1ctz_2b94a8a7a219.json,3fc2b4831d61a9b66df735d2c25e7c265f2f16908115971fba70a0fedea6248a,2026-08-17,unverified_local_proxy,,https://ec.europa.eu/eurostat/api/dissemination/statistics/1.0/data/migr_pop1ctz?format=JSON&lang=EN&geo=NO&age=TOTAL&sex=T&unit=NR&citizen=FOR_STLS&sinceTimePeriod=2010&untilTimePeriod=2022
S0065,Eurostat [migr_pop1ctz],Poland,foreign_nationals,2010;2011;2012;2013;2014;2015;2016;2017;2018;2019;2020;2021;2022,downloaded,retrieved,200,3366,application/json,sources/S0065_ec-europa-eu_migr-pop1ctz_42cdf60d7fbe.json,abba11b7e3e22bc8023d2dff5ba7bbaa388f1f087e6f35a65f31337842651bea,2026-08-17,unverified_local_proxy,,https://ec.europa.eu/eurostat/api/dissemination/statistics/1.0/data/migr_pop1ctz?format=JSON&lang=EN&geo=PL&age=TOTAL&sex=T&unit=NR&citizen=FOR_STLS&sinceTimePeriod=2010&untilTimePeriod=2022
S0066,Eurostat [migr_pop1ctz],Portugal,foreign_nationals,2010;2011;2012;2013;2014;2015;2016;2017;2018;2019;2020;2021;2022,downloaded,retrieved,200,3203,application/json,sources/S0066_ec-europa-eu_migr-pop1ctz_16626e56a712.json,ad01bea1b913d3a072547cd0b356d165adee01174b74eaa130ac997d9ca4914a,2026-08-17,unverified_local_proxy,,https://ec.europa.eu/eurostat/api/dissemination/statistics/1.0/data/migr_pop1ctz?format=JSON&lang=EN&geo=PT&age=TOTAL&sex=T&unit=NR&citizen=FOR_STLS&sinceTimePeriod=2010&untilTimePeriod=2022
S0067,Eurostat [migr_pop1ctz],Sweden,foreign_nationals,2010;2011;2012;2013;2014;2015;2016;2017;2018;2019;2020;2021;2022,downloaded,retrieved,200,3201,application/json,sources/S0067_ec-europa-eu_migr-pop1ctz_38681433ea46.json,b47482427e51c67f4ddd717d68f7930d626e938f64f7988a20ad865cf0d548bb,2026-08-17,unverified_local_proxy,,https://ec.europa.eu/eurostat/api/dissemination/statistics/1.0/data/migr_pop1ctz?format=JSON&lang=EN&geo=SE&age=TOTAL&sex=T&unit=NR&citizen=FOR_STLS&sinceTimePeriod=2010&untilTimePeriod=2022
S0068,Eurostat [migr_pop1ctz],Slovenia,foreign_nationals,2010;2011;2012;2013;2014;2015;2016;2017;2018;2019;2020;2021;2022,downloaded,retrieved,200,3198,application/json,sources/S0068_ec-europa-eu_migr-pop1ctz_defe51bd5b75.json,9653150618b34e5ada45a3f769a91357507dc622393fe9878bb033798929c76d,2026-08-17,unverified_local_proxy,,https://ec.europa.eu/eurostat/api/dissemination/statistics/1.0/data/migr_pop1ctz?format=JSON&lang=EN&geo=SI&age=TOTAL&sex=T&unit=NR&citizen=FOR_STLS&sinceTimePeriod=2010&untilTimePeriod=2022
S0069,Eurostat [migr_pop1ctz],Slovak Republic,foreign_nationals,2010;2011;2012;2013;2014;2015;2016;2017;2018;2019;2020;2021;2022,downloaded,retrieved,200,3190,application/json,sources/S0069_ec-europa-eu_migr-pop1ctz_21dfd48e3523.json,de48de3c894f6b96e34161fae6f46f45b02fd3f1878a3af18c28c33286544051,2026-08-17,unverified_local_proxy,,https://ec.europa.eu/eurostat/api/dissemination/statistics/1.0/data/migr_pop1ctz?format=JSON&lang=EN&geo=SK&age=TOTAL&sex=T&unit=NR&citizen=FOR_STLS&sinceTimePeriod=2010&untilTimePeriod=2022
S0070,Eurostat [migr_pop1ctz],United Kingdom,foreign_nationals,2010;2011;2012;2013;2014;2015;2016;2017;2018;2019,downloaded,retrieved,200,3191,application/json,sources/S0070_ec-europa-eu_migr-pop1ctz_63e1942026f2.json,1005d6147b4d58d6054b8944b8393f12eb2cb3e5e111ba0e8d7899170318c669,2026-08-17,unverified_local_proxy,,https://ec.europa.eu/eurostat/api/dissemination/statistics/1.0/data/migr_pop1ctz?format=JSON&lang=EN&geo=UK&age=TOTAL&sex=T&unit=NR&citizen=FOR_STLS&sinceTimePeriod=2010&untilTimePeriod=2022
S0071,Eurostat [migr_pop3ctb],Austria,foreign_born,2010;2011;2012;2013;2014;2015;2016;2017;2018;2019;2020;2021;2022,downloaded,retrieved,200,3197,application/json,sources/S0071_ec-europa-eu_migr-pop3ctb_f2ff2957fd64.json,51fbe35c9cf9baae718184530c1e9f35df9d244ae926c1945563ae4098c4def3,2026-08-17,unverified_local_proxy,,https://ec.europa.eu/eurostat/api/dissemination/statistics/1.0/data/migr_pop3ctb?format=JSON&lang=EN&geo=AT&age=TOTAL&sex=T&unit=NR&c_birth=FOR&sinceTimePeriod=2010&untilTimePeriod=2022
S0072,Eurostat [migr_pop3ctb],Belgium,foreign_born,2010;2011;2012;2013;2014;2015;2016;2017;2018;2019;2020;2021;2022,downloaded,retrieved,200,3290,application/json,sources/S0072_ec-europa-eu_migr-pop3ctb_9c184549adf0.json,a98036c5a40c67c48e409b9e3a92a86981667d39c6a9804bd651071abed1e6a4,2026-08-17,unverified_local_proxy,,https://ec.europa.eu/eurostat/api/dissemination/statistics/1.0/data/migr_pop3ctb?format=JSON&lang=EN&geo=BE&age=TOTAL&sex=T&unit=NR&c_birth=FOR&sinceTimePeriod=2010&untilTimePeriod=2022
S0073,Eurostat [migr_pop3ctb],Bulgaria,foreign_born,2011;2012;2013;2014;2015;2016;2017;2018;2019;2020;2021;2022,downloaded,retrieved,200,3172,application/json,sources/S0073_ec-europa-eu_migr-pop3ctb_9537dc1ec14e.json,8f7741dc668d92d9767473aeb2b6f068fb3b706407c414ecfe458adafbf590a0,2026-08-17,unverified_local_proxy,,https://ec.europa.eu/eurostat/api/dissemination/statistics/1.0/data/migr_pop3ctb?format=JSON&lang=EN&geo=BG&age=TOTAL&sex=T&unit=NR&c_birth=FOR&sinceTimePeriod=2010&untilTimePeriod=2022
S0074,Eurostat [migr_pop3ctb],Switzerland,foreign_born,2011;2012;2013;2014;2015;2016;2017;2018;2019;2020;2021;2022,downloaded,retrieved,200,3257,application/json,sources/S0074_ec-europa-eu_migr-pop3ctb_b46ed2c253bc.json,3f23cfaf614482c092572e23e854417272c5954235ea3b6e773b6f82ffdb6131,2026-08-17,unverified_local_proxy,,https://ec.europa.eu/eurostat/api/dissemination/statistics/1.0/data/migr_pop3ctb?format=JSON&lang=EN&geo=CH&age=TOTAL&sex=T&unit=NR&c_birth=FOR&sinceTimePeriod=2010&untilTimePeriod=2022
S0075,Eurostat [migr_pop3ctb],Czech Republic,foreign_born,2010;2011;2012;2013;2014;2015;2016;2017;2018;2019;2020;2021;2022,downloaded,retrieved,200,3261,application/json,sources/S0075_ec-europa-eu_migr-pop3ctb_70a31700aa4e.json,177722f6e842153cc37ebd39869af7eb65bc1c3abe68f07181537703578dabf0,2026-08-17,unverified_local_proxy,,https://ec.europa.eu/eurostat/api/dissemination/statistics/1.0/data/migr_pop3ctb?format=JSON&lang=EN&geo=CZ&age=TOTAL&sex=T&unit=NR&c_birth=FOR&sinceTimePeriod=2010&untilTimePeriod=2022
S0076,Eurostat [migr_pop3ctb],Germany,foreign_born,2010;2011;2012;2013;2014;2015;2016;2017;2018;2019;2020;2021;2022,downloaded,retrieved,200,3329,application/json,sources/S0076_ec-europa-eu_migr-pop3ctb_91ddfad26ced.json,aacb52ed9a610f830555c9d49660b32f9f434f80a95d8cd906b66a403be96227,2026-08-17,unverified_local_proxy,,https://ec.europa.eu/eurostat/api/dissemination/statistics/1.0/data/migr_pop3ctb?format=JSON&lang=EN&geo=DE&age=TOTAL&sex=T&unit=NR&c_birth=FOR&sinceTimePeriod=2010&untilTimePeriod=2022
S0077,Eurostat [migr_pop3ctb],Denmark,foreign_born,2010;2011;2012;2013;2014;2015;2016;2017;2018;2019;2020;2021;2022,downloaded,retrieved,200,3184,application/json,sources/S0077_ec-europa-eu_migr-pop3ctb_d3b4bbee9326.json,7859ef4d82a3dbeb09ff8f2481026a095ce178d26d4fcccee0015a0aec4cbe8f,2026-08-17,unverified_local_proxy,,https://ec.europa.eu/eurostat/api/dissemination/statistics/1.0/data/migr_pop3ctb?format=JSON&lang=EN&geo=DK&age=TOTAL&sex=T&unit=NR&c_birth=FOR&sinceTimePeriod=2010&untilTimePeriod=2022
S0078,Eurostat [migr_pop3ctb],Spain,foreign_born,2010;2011;2012;2013;2014;2015;2016;2017;2018;2019;2020;2021;2022,downloaded,retrieved,200,3195,application/json,sources/S0078_ec-europa-eu_migr-pop3ctb_f0b5da6761b4.json,8eccfd35c8e6731a9d72f15797d1a7a08329416fffc1531e3cfa7c6a3f1f5a68,2026-08-17,unverified_local_proxy,,https://ec.europa.eu/eurostat/api/dissemination/statistics/1.0/data/migr_pop3ctb?format=JSON&lang=EN&geo=ES&age=TOTAL&sex=T&unit=NR&c_birth=FOR&sinceTimePeriod=2010&untilTimePeriod=2022
S0079,Eurostat [migr_pop3ctb],Finland,foreign_born,2010;2011;2012;2013;2014;2015;2016;2017;2018;2019;2020;2021;2022,downloaded,retrieved,200,3184,application/json,sources/S0079_ec-europa-eu_migr-pop3ctb_5cd20a0f89e8.json,9f844f5e0083bb480e73d732bdc1231e01fc3e459d7df0cd7a778e74c51b81c7,2026-08-17,unverified_local_proxy,,https://ec.europa.eu/eurostat/api/dissemination/statistics/1.0/data/migr_pop3ctb?format=JSON&lang=EN&geo=FI&age=TOTAL&sex=T&unit=NR&c_birth=FOR&sinceTimePeriod=2010&untilTimePeriod=2022
S0080,Eurostat [migr_pop3ctb],France,foreign_born,2010;2011;2012;2013;2014;2015;2016;2017;2018;2019;2020;2021;2022,downloaded,retrieved,200,3271,application/json,sources/S0080_ec-europa-eu_migr-pop3ctb_69404a0e21c0.json,8234690a71aea123cbdb9482aeadddb73e4345f198eaa8e4b1bee5c6621c0319,2026-08-17,unverified_local_proxy,,https://ec.europa.eu/eurostat/api/dissemination/statistics/1.0/data/migr_pop3ctb?format=JSON&lang=EN&geo=FR&age=TOTAL&sex=T&unit=NR&c_birth=FOR&sinceTimePeriod=2010&untilTimePeriod=2022
S0081,Eurostat [migr_pop3ctb],Croatia,foreign_born,2013;2014;2015;2016;2017;2018;2019;2020;2021;2022,downloaded,retrieved,200,3224,application/json,sources/S0081_ec-europa-eu_migr-pop3ctb_680c334d00b4.json,16f10b4f62455b97f80ce959a4e1e11b6425fe1ec203c2892988da530764f78a,2026-08-17,unverified_local_proxy,,https://ec.europa.eu/eurostat/api/dissemination/statistics/1.0/data/migr_pop3ctb?format=JSON&lang=EN&geo=HR&age=TOTAL&sex=T&unit=NR&c_birth=FOR&sinceTimePeriod=2010&untilTimePeriod=2022
S0082,Eurostat [migr_pop3ctb],Hungary,foreign_born,2010;2011;2012;2013;2014;2015;2016;2017;2018;2019;2020;2021;2022,downloaded,retrieved,200,3184,application/json,sources/S0082_ec-europa-eu_migr-pop3ctb_20ad833e4465.json,3e79a7bdbbe71b65949acbc0cc81f937bf49d3e4bf3cf0f2e56c49fcf09c4aa1,2026-08-17,unverified_local_proxy,,https://ec.europa.eu/eurostat/api/dissemination/statistics/1.0/data/migr_pop3ctb?format=JSON&lang=EN&geo=HU&age=TOTAL&sex=T&unit=NR&c_birth=FOR&sinceTimePeriod=2010&untilTimePeriod=2022
S0083,Eurostat [migr_pop3ctb],Iceland,foreign_born,2010;2011;2012;2013;2014;2015;2016;2017;2018;2019;2020;2021;2022,downloaded,retrieved,200,3171,application/json,sources/S0083_ec-europa-eu_migr-pop3ctb_7104d0bb1de3.json,bedc0e88f7256ce4f55c72167f042ebadd4440dd5d7220e332579286da9224d7,2026-08-17,unverified_local_proxy,,https://ec.europa.eu/eurostat/api/dissemination/statistics/1.0/data/migr_pop3ctb?format=JSON&lang=EN&geo=IS&age=TOTAL&sex=T&unit=NR&c_birth=FOR&sinceTimePeriod=2010&untilTimePeriod=2022
S0084,Eurostat [migr_pop3ctb],Italy,foreign_born,2010;2011;2012;2013;2014;2015;2016;2017;2018;2019;2020;2021;2022,downloaded,retrieved,200,3262,application/json,sources/S0084_ec-europa-eu_migr-pop3ctb_9d7ae65ce3c5.json,125dd45e7a9c22ca8c643f1996ffe7dc139a0dc349b53218c28e8a892516fe12,2026-08-17,unverified_local_proxy,,https://ec.europa.eu/eurostat/api/dissemination/statistics/1.0/data/migr_pop3ctb?format=JSON&lang=EN&geo=IT&age=TOTAL&sex=T&unit=NR&c_birth=FOR&sinceTimePeriod=2010&untilTimePeriod=2022
S0085,Eurostat [migr_pop3ctb],Lithuania,foreign_born,2010;2011;2012;2013;2014;2015;2016;2017;2018;2019;2020;2021;2022,downloaded,retrieved,200,3186,application/json,sources/S0085_ec-europa-eu_migr-pop3ctb_c1b156e80fd9.json,bc35e80664864802dfad19f1379ea70e1bbd44d0e616f7a61d8316390230bce6,2026-08-17,unverified_local_proxy,,https://ec.europa.eu/eurostat/api/dissemination/statistics/1.0/data/migr_pop3ctb?format=JSON&lang=EN&geo=LT&age=TOTAL&sex=T&unit=NR&c_birth=FOR&sinceTimePeriod=2010&untilTimePeriod=2022
S0086,Eurostat [migr_pop3ctb],Netherlands,foreign_born,2010;2011;2012;2013;2014;2015;2016;2017;2018;2019;2020;2021;2022,downloaded,retrieved,200,3201,application/json,sources/S0086_ec-europa-eu_migr-pop3ctb_dab79eb20081.json,bdb552b442d42e9e6194044d48df67eca69112ec10a73464386ced59f894db10,2026-08-17,unverified_local_proxy,,https://ec.europa.eu/eurostat/api/dissemination/statistics/1.0/data/migr_pop3ctb?format=JSON&lang=EN&geo=NL&age=TOTAL&sex=T&unit=NR&c_birth=FOR&sinceTimePeriod=2010&untilTimePeriod=2022
S0087,Eurostat [migr_pop3ctb],Norway,foreign_born,2010;2011;2012;2013;2014;2015;2016;2017;2018;2019;2020;2021;2022,downloaded,retrieved,200,3183,application/json,sources/S0087_ec-europa-eu_migr-pop3ctb_4bcf36d667be.json,7c8ef4cc5f6572633c4f4e16560463d1b0ab07a0aafc8d2e1d6964cc3f64b663,2026-08-17,unverified_local_proxy,,https://ec.europa.eu/eurostat/api/dissemination/statistics/1.0/data/migr_pop3ctb?format=JSON&lang=EN&geo=NO&age=TOTAL&sex=T&unit=NR&c_birth=FOR&sinceTimePeriod=2010&untilTimePeriod=2022
S0088,Eurostat [migr_pop3ctb],Poland,foreign_born,2010;2011;2012;2013;2014;2015;2016;2017;2018;2019;2020;2021;2022,downloaded,retrieved,200,3341,application/json,sources/S0088_ec-europa-eu_migr-pop3ctb_aa9fb93d6042.json,14127e9c379f441a7419ee780c02942a339598c97f814b281e8d10983b1c2271,2026-08-17,unverified_local_proxy,,https://ec.europa.eu/eurostat/api/dissemination/statistics/1.0/data/migr_pop3ctb?format=JSON&lang=EN&geo=PL&age=TOTAL&sex=T&unit=NR&c_birth=FOR&sinceTimePeriod=2010&untilTimePeriod=2022
S0089,Eurostat [migr_pop3ctb],Portugal,foreign_born,2010;2011;2012;2013;2014;2015;2016;2017;2018;2019;2020;2021;2022,downloaded,retrieved,200,3196,application/json,sources/S0089_ec-europa-eu_migr-pop3ctb_86c4b5033bd5.json,91156698beb94a22b335c8cb95aa96568c4c4a6bfe9b4980f3481543ac13bb71,2026-08-17,unverified_local_proxy,,https://ec.europa.eu/eurostat/api/dissemination/statistics/1.0/data/migr_pop3ctb?format=JSON&lang=EN&geo=PT&age=TOTAL&sex=T&unit=NR&c_birth=FOR&sinceTimePeriod=2010&untilTimePeriod=2022
S0090,Eurostat [migr_pop3ctb],Sweden,foreign_born,2010;2011;2012;2013;2014;2015;2016;2017;2018;2019;2020;2021;2022,downloaded,retrieved,200,3196,application/json,sources/S0090_ec-europa-eu_migr-pop3ctb_86ac9ed5688b.json,62a09087cf88893c4d04295890bea851ddcb9e17643fb37426d663fd7bde5480,2026-08-17,unverified_local_proxy,,https://ec.europa.eu/eurostat/api/dissemination/statistics/1.0/data/migr_pop3ctb?format=JSON&lang=EN&geo=SE&age=TOTAL&sex=T&unit=NR&c_birth=FOR&sinceTimePeriod=2010&untilTimePeriod=2022
S0091,Eurostat [migr_pop3ctb],Slovenia,foreign_born,2010;2011;2012;2013;2014;2015;2016;2017;2018;2019;2020;2021;2022,downloaded,retrieved,200,3185,application/json,sources/S0091_ec-europa-eu_migr-pop3ctb_4fd66f325181.json,d4d066da4d00ed6a18ebb2d8192834837845af49297cd044b0ed3cb3f95ed382,2026-08-17,unverified_local_proxy,,https://ec.europa.eu/eurostat/api/dissemination/statistics/1.0/data/migr_pop3ctb?format=JSON&lang=EN&geo=SI&age=TOTAL&sex=T&unit=NR&c_birth=FOR&sinceTimePeriod=2010&untilTimePeriod=2022
S0092,Eurostat [migr_pop3ctb],Slovak Republic,foreign_born,2010;2011;2012;2013;2014;2015;2016;2017;2018;2019;2020;2021;2022,downloaded,retrieved,200,3183,application/json,sources/S0092_ec-europa-eu_migr-pop3ctb_1862544a39ac.json,d67586b067b0cd4f168ad62966cf5f65e26d9c410a2bd3460e95f9b540d115e9,2026-08-17,unverified_local_proxy,,https://ec.europa.eu/eurostat/api/dissemination/statistics/1.0/data/migr_pop3ctb?format=JSON&lang=EN&geo=SK&age=TOTAL&sex=T&unit=NR&c_birth=FOR&sinceTimePeriod=2010&untilTimePeriod=2022
S0093,Eurostat [migr_pop3ctb],United Kingdom,foreign_born,2010;2011;2012;2013;2014;2015;2016;2017;2018;2019,downloaded,retrieved,200,3173,application/json,sources/S0093_ec-europa-eu_migr-pop3ctb_37ccebaf1454.json,2128edc9cbfb38daa022eaa4acbaf6da9152ce45e34afde56d07029ef829ed2e,2026-08-17,unverified_local_proxy,,https://ec.europa.eu/eurostat/api/dissemination/statistics/1.0/data/migr_pop3ctb?format=JSON&lang=EN&geo=UK&age=TOTAL&sex=T&unit=NR&c_birth=FOR&sinceTimePeriod=2010&untilTimePeriod=2022
S0094,"Eurostat, Third country nationals found to be illegally present (migr_eipre)",Austria; Belgium; Bulgaria; Croatia; Czech Republic; Denmark; Finland; France; Germany; Hungary; Iceland; Italy; Lithuania; Netherlands; Norway; Poland; Portugal; Slovak Republic; Slovenia; Spain; Sweden; Switzerland; United Kingdom,irregular_proxy_detections,2010;2011;2012;2013;2014;2015;2016;2017;2018;2019; 2010;2011;2012;2013;2014;2015;2016;2017;2018;2019;2020;2021;2022; 2013;2014;2015;2016;2017;2018;2019;2020;2021;2022; 2016;2017;2019;2021,downloaded,retrieved,200,8630,text/html; charset=UTF-8,sources/S0094_ec-europa-eu_table_3c861af5f6a4.html,54a94f2dfa98bea21eaa72ab5d51a992da5427a4de383139b7ecaefe195df1b4,2026-08-17,unverified_local_proxy,,https://ec.europa.eu/eurostat/databrowser/view/migr_eipre/default/table
S0095,"Immigration New Zealand (MBIE), 'OVERSTAYERS' factsheet, October 2018, released under the Official Information Act and published on FYI.org.nz",New Zealand,irregular_proxy_overstayers,2010;2011;2012;2013;2014;2016,downloaded,retrieved,200,825149,application/pdf; charset=utf-8,sources/S0095_fyi-org-nz_appendix-20a-20immigration-20new-20zealand-20overstayers-20f_a34aaed46a67.pdf,8d7cf7e1963b80499464eca2174c1a53f6367bfb60c20d8f1345aeef12b22015,2026-08-17,unverified_local_proxy,,https://fyi.org.nz/request/29926/response/118942/attach/4/Appendix%20A%20Immigration%20New%20Zealand%20Overstayers%20Factsheet%202017.pdf
S0096,"Chandrasekhar S. and Sharma A., Migration in India: trends and characteristics, Demography India Vol. 51 No. 1 (2022) pp.160-175 (Census of India 2011 place-of-birth data)",India,foreign_born,2011,downloaded,retrieved,200,374048,application/pdf,sources/S0096_iasp-ac-in_10-20migration-20in-20india-20trends-20and-20characteristics_78b3d2205dfc.pdf,b2a7ccf2c077968d4b0db297c0916c4c1556790ac3011e1e70b516f956e9e514,2026-08-17,unverified_local_proxy,,https://iasp.ac.in/uploads/journal/10.%20Migration%20in%20India%20trends%20and%20characteristics-1669206793.pdf
S0097,"Immigration New Zealand, New estimate of people who have overstayed their visa (5 September 2025)",New Zealand,irregular_proxy_overstayers,2017,downloaded,retrieved,200,267350,application/pdf,sources/S0097_immigration-govt-nz_5-september-2025-new-estimate-of-people-who-have-overstayed-_6a59e901275e.pdf,8bbe41fed0d41cd071c4ba7109b3d7f98dba39f7ceea76ace20752536bb30d77,2026-08-17,unverified_local_proxy,,https://immigration.govt.nz/assets/inz/documents/visa-paks/5-September-2025-New-estimate-of-people-who-have-overstayed-their-visa.pdf
S0098,"Center for Migration Studies of New York (Robert Warren), After a Decade of Decline, the US Undocumented Population Increased by 650,000 in 2022, Journal on Migration and Human Security",United States,irregular_stock,2019;2020;2021;2022,failed,failed,,0,,sources/S0098_journals-sagepub-com_23315024241226624_4dbd34e00ef9.error.txt,c39f8e71d6e6544e5b9bb4cc7902bd6cabeacf359940ffc8921e487ac0e7f22b,2026-08-17,unverified_local_proxy,HTTP 403: Forbidden,https://journals.sagepub.com/doi/10.1177/23315024241226624
S0099,"Unidad de Politica Migratoria, Registro e Identidad de Personas (UPMRIP), SEGOB, Boletin de Estadisticas Migratorias, as compiled in IOM Mexico, Estadisticas migratorias 2023",Mexico,irregular_proxy_detections,2017;2018;2019;2020;2021;2022,failed,retrieved,200,833784,application/pdf,sources/S0099_mexico-iom-int_estadisticas-migratorias-2023-pdf_0903f9b3e1f7.pdf,5aa2a7fed3c01718b0f2fe853f283fab8e64711939d5b425a85606058d9d9cd8,2026-08-17,unverified_local_proxy,,https://mexico.iom.int/sites/g/files/tmzbdl1686/files/documents/2024-03/estadisticas-migratorias-2023.pdf
S0100,"DHS Office of Homeland Security Statistics, Estimates of the Unauthorized Immigrant Population Residing in the United States: January 2015-January 2018, Table A2-1 | DHS Office of Homeland Security Statistics, Estimates of the Unauthorized Immigrant Population Residing in the United States: January 2015-January 2018, Table A2-1 (pre-revision entry) | DHS Office of Homeland Security Statistics, Estimates of the Unauthorized Immigrant Population Residing in the United States: January 2015-January 2018, Table A2-1 (pre-update entry)",United States,irregular_stock,2010;2011;2012;2013;2014;2015;2016;2017;2018,downloaded,retrieved,200,876526,application/pdf,sources/S0100_ohss-dhs-gov_unauthorized-immigrant-population-estimates-2015-2018-pdf_b38472acfd45.pdf,489d46569bab42bb2561f171bbe97b6373ec0b5c0e7261b509d99d68dbf44a5d,2026-08-17,unverified_local_proxy,,https://ohss.dhs.gov/sites/default/files/2023-12/unauthorized_immigrant_population_estimates_2015_-_2018.pdf
S0101,"UN DESA Population Division, World Population Prospects 2024, compact demographic indicators",,population alternative,,downloaded,retrieved,200,26142942,application/vnd.openxmlformats-officedocument.spreadsheetml.sheet,sources/S0101_population-un-org_wpp2024-gen-f01-demographic-indicators-compact-xlsx_ba41de58a34a.xml,98e34d9b65b53858cd08a57a566e45050b08093ad85ba5714fe6fbd78055ae6d,2026-08-17,unverified_local_proxy,,https://population.un.org/wpp/assets/Excel%20Files/1_Indicator%20(Standard)/EXCEL_FILES/1_General/WPP2024_GEN_F01_DEMOGRAPHIC_INDICATORS_COMPACT.xlsx
S0102,"Fundacion porCausa (2020), Una fotografia de la inmigracion irregular en Espana",Spain,irregular_stock,2019,downloaded,retrieved,200,1556559,application/pdf,sources/S0102_porcausa-org_retratodelairregularidadporcausa-pdf_b7146db7116c.pdf,e35e2410531af325ac5742bc62f3eace06c4a5306e83a04cbbe1b19e144d3075,2026-08-17,unverified_local_proxy,,https://porcausa.org/wp-content/uploads/2020/07/RetratodelairregularidadporCausa.pdf
S0103,"ANU Press, A Long Way to Go, Chapter 2, Table 2.3 Estimated size of irregular migrant populations by region/country",Australia,irregular_proxy_overstayers,2010;2011,downloaded,retrieved,200,123993,text/html; charset=utf-8,sources/S0103_press-files-anu-edu-au_ch02-xhtml_9c8dbf964644.html,e25e4a3120c56ada4f2773e148f3cb55571c0b10d98c28f64bef5d0c751f073d,2026-08-17,unverified_local_proxy,,https://press-files.anu.edu.au/downloads/press/n4016/html/ch02.xhtml
S0104,"Korean National Police University press, Cheryu oegugin beomjoe-e gwanhan gyeongchal-ui daeeung bangan (2015), Table 1, citing Ministry of Justice Korea Immigration Service statistical yearbook",Korea (South),irregular_proxy_overstayers,2010;2011;2012;2013;2014;2015,failed,failed,,0,,sources/S0104_press-police-ac-kr_1476878914562-pdf_a91fa05d7588.error.txt,47895fc556e73dff2fd572cf276d90b518ae81bc610700b37cafd5e483f5b25b,2026-08-17,unverified_local_proxy,URLError: <urlopen error [WinError 10060] 連線嘗試失敗，因為連線對象有一段時間並未正確回應，或是連線建立失敗，因為連線的主機無法回應。>,https://press.police.ac.kr/pds/1476878914562.pdf
S0105,Philippine Statistics Authority - Foreign Citizens in the Country (2020 Census of Population and Housing),Philippines,foreign_nationals,2020,failed,failed,,0,,sources/S0105_psa-gov-ph_foreign-citizens-country-2020-census-population-and-housing_af452d4a0eb7.error.txt,a6e882382a02cd203069b3132aad8608031cd12162abe98f00ad1a07e2a536e2,2026-08-17,unverified_local_proxy,HTTP 403: Forbidden,https://psa.gov.ph/content/foreign-citizens-country-2020-census-population-and-housing
S0106,"OECD International Migration Database (stocks of foreign population, measure B15)",Chile,foreign_nationals,2017;2018;2019;2020;2021;2022,downloaded,retrieved,200,6614,application/vnd.sdmx.data+json; version=2; charset=utf-8,sources/S0106_sdmx-oecd-org_chl-w-a-b15-t-z-z-ps_90bc846bda30.json,8bb1e58f7e813fc2c852c7bf8823b7d37daeb3a57626a7df3988f3b1081c498e,2026-08-17,unverified_local_proxy,,"https://sdmx.oecd.org/public/rest/data/OECD.ELS.IMD,DSD_MIG@DF_MIG,1.0/CHL.W.A.B15._T._Z._Z.PS?startPeriod=2010&endPeriod=2022&format=jsondata&dimensionAtObservation=AllDimensions"
S0107,"OECD International Migration Database (stocks of foreign population, measure B15)",Japan,foreign_nationals,2010;2011;2012;2013;2014;2015;2016;2017;2018;2019;2020;2021;2022,downloaded,retrieved,200,7218,application/vnd.sdmx.data+json; version=2; charset=utf-8,sources/S0107_sdmx-oecd-org_jpn-w-a-b15-t-z-z-ps_3b43b86e63ab.json,c7d54b52d540980053ef67f43ebd2548a883ef9ff1f72d7d79047b0d4d3d1e48,2026-08-17,unverified_local_proxy,,"https://sdmx.oecd.org/public/rest/data/OECD.ELS.IMD,DSD_MIG@DF_MIG,1.0/JPN.W.A.B15._T._Z._Z.PS?startPeriod=2010&endPeriod=2022&format=jsondata&dimensionAtObservation=AllDimensions"
S0108,"OECD International Migration Database (stocks of foreign population, measure B15)",Korea (South),foreign_nationals,2010;2011;2012;2013;2014;2015;2016;2017;2018;2019;2020;2021;2022,downloaded,retrieved,200,7218,application/vnd.sdmx.data+json; charset=utf-8; version=2,sources/S0108_sdmx-oecd-org_kor-w-a-b15-t-z-z-ps_9836fa850776.json,209889f38e5cf75fc1a50afde745cd05d3399528ef28e45446bce0b44e574161,2026-08-17,unverified_local_proxy,,"https://sdmx.oecd.org/public/rest/data/OECD.ELS.IMD,DSD_MIG@DF_MIG,1.0/KOR.W.A.B15._T._Z._Z.PS?startPeriod=2010&endPeriod=2022&format=jsondata&dimensionAtObservation=AllDimensions"
S0109,"OECD International Migration Database (stocks of foreign population, measure B15)",Mexico,foreign_nationals,2010;2011;2012;2013;2015;2016;2017;2018;2019;2020;2021;2022,downloaded,retrieved,200,7205,application/vnd.sdmx.data+json; version=2; charset=utf-8,sources/S0109_sdmx-oecd-org_mex-w-a-b15-t-z-z-ps_2e2b5d2ac413.json,8be11a2dec0b3e03405ad760a1f5ac648d7f56d0d8313391ad826e1e29a4c840,2026-08-17,unverified_local_proxy,,"https://sdmx.oecd.org/public/rest/data/OECD.ELS.IMD,DSD_MIG@DF_MIG,1.0/MEX.W.A.B15._T._Z._Z.PS?startPeriod=2010&endPeriod=2022&format=jsondata&dimensionAtObservation=AllDimensions"
S0110,"OECD International Migration Database (stocks of foreign population, measure B15)",Turkey,foreign_nationals,2010;2011;2012;2013;2014;2015;2016;2017;2018;2019;2020;2021;2022,downloaded,retrieved,200,7215,application/vnd.sdmx.data+json; version=2; charset=utf-8,sources/S0110_sdmx-oecd-org_tur-w-a-b15-t-z-z-ps_241eabc64196.json,c375bf57e170f9627c57d7f0ff90a2e34b177ea79d8017843433ed0d3f86db7b,2026-08-17,unverified_local_proxy,,"https://sdmx.oecd.org/public/rest/data/OECD.ELS.IMD,DSD_MIG@DF_MIG,1.0/TUR.W.A.B15._T._Z._Z.PS?startPeriod=2010&endPeriod=2022&format=jsondata&dimensionAtObservation=AllDimensions"
S0111,"OECD International Migration Database (stocks of foreign population, measure B15)",United States,foreign_nationals,2010;2011;2012;2013;2014;2015;2016;2017;2018;2019;2020;2021;2022,downloaded,retrieved,200,7258,application/vnd.sdmx.data+json; version=2; charset=utf-8,sources/S0111_sdmx-oecd-org_usa-w-a-b15-t-z-z-ps_1defb5e369ff.json,b08ca4044d68e63f6b60b63e730b947c29130bf668dbab1c5126172b7bc3bd50,2026-08-17,unverified_local_proxy,,"https://sdmx.oecd.org/public/rest/data/OECD.ELS.IMD,DSD_MIG@DF_MIG,1.0/USA.W.A.B15._T._Z._Z.PS?startPeriod=2010&endPeriod=2022&format=jsondata&dimensionAtObservation=AllDimensions"
S0112,"OECD International Migration Database (stocks of foreign-born population, measure B14)",Australia,foreign_born,2010;2011;2012;2013;2014;2015;2016;2017;2018;2019;2020;2021;2022,downloaded,retrieved,200,7107,application/vnd.sdmx.data+json; version=2; charset=utf-8,sources/S0112_sdmx-oecd-org_aus-w-a-b14-t-z-z-ps_a3472957a756.json,f028b1bc951cf335586cf11b0e3566f706c38c940d91a2ccc0ca0c231861db89,2026-08-17,unverified_local_proxy,,"https://sdmx.oecd.org/public/rest/data/OECD.ELS.IMD,DSD_MIG_F@DF_MIG_POPF,1.0/AUS.W.A.B14._T._Z._Z.PS?startPeriod=2010&endPeriod=2022&format=jsondata&dimensionAtObservation=AllDimensions"
S0113,"OECD International Migration Database (stocks of foreign-born population, measure B14)",Chile,foreign_born,2010;2011;2012;2013;2014;2015;2017;2019;2020;2021;2022,downloaded,retrieved,200,6796,application/vnd.sdmx.data+json; version=2; charset=utf-8,sources/S0113_sdmx-oecd-org_chl-w-a-b14-t-z-z-ps_c30a7c9661e0.json,d4d71e2ad122174fe8c79c5370d4efd1fc62bc29ede85b1f3c8098aa319b6990,2026-08-17,unverified_local_proxy,,"https://sdmx.oecd.org/public/rest/data/OECD.ELS.IMD,DSD_MIG_F@DF_MIG_POPF,1.0/CHL.W.A.B14._T._Z._Z.PS?startPeriod=2010&endPeriod=2022&format=jsondata&dimensionAtObservation=AllDimensions"
S0114,"OECD International Migration Database (stocks of foreign-born population, measure B14)",Israel,foreign_born,2010;2011;2012;2013;2014;2015;2016;2017;2018;2019;2020;2021;2022,downloaded,retrieved,200,7104,application/vnd.sdmx.data+json; version=2; charset=utf-8,sources/S0114_sdmx-oecd-org_isr-w-a-b14-t-z-z-ps_eb8b01ae2f5e.json,fc2dc4835e2e041d4603b2e99694f37e960f5db95f7d68fef471b6a6c0b86085,2026-08-17,unverified_local_proxy,,"https://sdmx.oecd.org/public/rest/data/OECD.ELS.IMD,DSD_MIG_F@DF_MIG_POPF,1.0/ISR.W.A.B14._T._Z._Z.PS?startPeriod=2010&endPeriod=2022&format=jsondata&dimensionAtObservation=AllDimensions"
S0115,"OECD International Migration Database (stocks of foreign-born population, measure B14)",Mexico,foreign_born,2010;2011;2012;2013;2014;2015;2018;2020,downloaded,retrieved,200,6361,application/vnd.sdmx.data+json; charset=utf-8; version=2,sources/S0115_sdmx-oecd-org_mex-w-a-b14-t-z-z-ps_576bf525da87.json,fb40576006a0bf747766295820145849a0028942318179243469cfdaa3de9b06,2026-08-17,unverified_local_proxy,,"https://sdmx.oecd.org/public/rest/data/OECD.ELS.IMD,DSD_MIG_F@DF_MIG_POPF,1.0/MEX.W.A.B14._T._Z._Z.PS?startPeriod=2010&endPeriod=2022&format=jsondata&dimensionAtObservation=AllDimensions"
S0116,"OECD International Migration Database (stocks of foreign-born population, measure B14)",New Zealand,foreign_born,2013;2018,downloaded,retrieved,200,5926,application/vnd.sdmx.data+json; version=2; charset=utf-8,sources/S0116_sdmx-oecd-org_nzl-w-a-b14-t-z-z-ps_8e043a3b7919.json,5b613b922d932656fbbb74cfa8e1d0f39533f7900572801d8b666364021021ae,2026-08-17,unverified_local_proxy,,"https://sdmx.oecd.org/public/rest/data/OECD.ELS.IMD,DSD_MIG_F@DF_MIG_POPF,1.0/NZL.W.A.B14._T._Z._Z.PS?startPeriod=2010&endPeriod=2022&format=jsondata&dimensionAtObservation=AllDimensions"
S0117,"OECD International Migration Database (stocks of foreign-born population, measure B14)",Turkey,foreign_born,2014;2015;2016;2017;2018;2019;2020;2021;2022,downloaded,retrieved,200,6517,application/vnd.sdmx.data+json; charset=utf-8; version=2,sources/S0117_sdmx-oecd-org_tur-w-a-b14-t-z-z-ps_e4c7bb1d7307.json,e895ae9a50796490dda72aebd93978fd0dc074c5d662367117fada608d31d873,2026-08-17,unverified_local_proxy,,"https://sdmx.oecd.org/public/rest/data/OECD.ELS.IMD,DSD_MIG_F@DF_MIG_POPF,1.0/TUR.W.A.B14._T._Z._Z.PS?startPeriod=2010&endPeriod=2022&format=jsondata&dimensionAtObservation=AllDimensions"
S0118,"OECD International Migration Database (stocks of foreign-born population, measure B14)",United States,foreign_born,2010;2011;2012;2013;2014;2015;2016;2017;2018;2019;2020;2021;2022,downloaded,retrieved,200,7131,application/vnd.sdmx.data+json; charset=utf-8; version=2,sources/S0118_sdmx-oecd-org_usa-w-a-b14-t-z-z-ps_6a1f305026b7.json,3ba7b595c354fc35683d94d199cade34a90060bf4c45ffd54cb58e9119fd4a6f,2026-08-17,unverified_local_proxy,,"https://sdmx.oecd.org/public/rest/data/OECD.ELS.IMD,DSD_MIG_F@DF_MIG_POPF,1.0/USA.W.A.B14._T._Z._Z.PS?startPeriod=2010&endPeriod=2022&format=jsondata&dimensionAtObservation=AllDimensions"
S0119,"Ministry of Labor, Republic of China (Taiwan), Monthly Bulletin of Labour Statistics, Table 12-7 Status of the Missing Foreign Workers by Nationality (表 12-7 失聯移工概況—按國籍分)",Taiwan,irregular_proxy_overstayers,2011;2012;2013;2019;2020;2021;2022,downloaded,retrieved,200,71655,application/pdf,sources/S0119_statdb-mol-gov-tw_212070-pdf_d7a6b22b8b18.pdf,82e80072b99a2296df002cc0515fab911746cddd190cded997b5da5437c10cf1,2026-08-17,unverified_local_proxy,,https://statdb.mol.gov.tw/html/mon/212070.pdf
S0120,"Ministry of Labor (勞動部) Labour Statistics Database, monthly statistics Table 12-2 ""Foreign Workers in Taiwan by Work Responsibilities""",Taiwan,foreign_workers,2011,downloaded,retrieved,200,41998,application/pdf,sources/S0120_statdb-mol-gov-tw_c12020-pdf_e39b6faf65f9.pdf,0f1d6da6fc80e935c68e3a5c8081012ca360508d980a6f789dec6c30386d9707,2026-08-17,unverified_local_proxy,,https://statdb.mol.gov.tw/html/mon/c12020.pdf
S0121,General Bureau of Statistics Suriname (ABS) - Census 8 (2012) Volume 1 Demographic and Social Characteristics and Migration,Suriname,foreign_born; foreign_born;foreign_nationals; foreign_nationals,2012,downloaded,retrieved,200,5845330,application/pdf,sources/S0121_statistics-suriname-org_publicatie-census-8-volume-1-demografische-en-sociale-karakt_c0186e42a337.pdf,246f409917d07f825413a01749a16dec913d397c8439d76a5b196127a71a6a0b,2026-08-17,unverified_local_proxy,,https://statistics-suriname.org/wp-content/uploads/2019/05/Publicatie-Census-8-Volume-1-Demografische-en-Sociale-Karakteristieken-en-Migratie.pdf
S0122,IOM / United Nations Thailand - Thailand Migration Report 2019 (Table 1.1 Estimated non-Thai population in Thailand),Thailand,foreign_nationals,2018,downloaded,retrieved,200,15387663,application/pdf,sources/S0122_thailand-un-org_50831_16f78b6b795a.pdf,43bbab155bcccba31afebfb6ab96b1431fa0278269ab7d281fbd8033b6a8266b,2026-08-17,unverified_local_proxy,,https://thailand.un.org/en/download/13750/50831
S0123,Statistics South Africa - Community Survey 2016 (presented to the UN Expert Forum on International Migration Statistics 2023),South Africa,foreign_born,2016,downloaded,retrieved,200,806784,application/pdf,sources/S0123_unstats-un-org_4-itani-statssa-pdf_139e66a25083.pdf,95444162c39405e3bcf36c9fcfa13ef1558ad010d0594cea500a1c959e40e271,2026-08-17,unverified_local_proxy,,https://unstats.un.org/unsd/demographic-social/migrationstat-forum-2023/presentations/E.3/4.Itani-StatsSA.pdf
S0124,"Croatian Bureau of Statistics, Census 2011",Croatia,foreign_nationals,2011,downloaded,retrieved,200,14475,text/html,sources/S0124_web-dzs-hr_e01-01-06-rh-html_00ef6fe8bbdd.html,457f958296c55414184c3e704cfcc9c0de7dc78f95da7c0c0e64d5f9685b42ba,2026-08-17,unverified_local_proxy,,https://web.dzs.hr/eng/censuses/census2011/results/htm/e01_01_06/e01_01_06_RH.html
S0125,"Croatian Bureau of Statistics, Census 2011",Croatia,foreign_born,2011,downloaded,retrieved,200,42814,text/html,sources/S0125_web-dzs-hr_e01-01-25-html_4d9365cfb707.html,4c95f093941a4b299a6baad692d8320a558111da4b40251e5d851ab32f829aa1,2026-08-17,unverified_local_proxy,,https://web.dzs.hr/eng/censuses/census2011/results/htm/e01_01_25/E01_01_25.html
S0126,"內政部統計處 內政統計年報 108年版 (MOI Dept. of Statistics, Statistical Yearbook of Interior, 2019 ed.)",Taiwan,population,2010;2011;2012;2013;2014;2015;2016,downloaded,retrieved,200,3151782,application/pdf,sources/S0126_ws-moi-gov-tw_download-ashx_8ff20cd970ef.pdf,a8463c3aca894584effe746d002480649f4f3062163530394a45d90746429001,2026-08-17,unverified_local_proxy,,https://ws.moi.gov.tw/Download.ashx?u=LzAwMS9VcGxvYWQvNDAwL3JlbGZpbGUvMC8xMzMzNy9jNDg1YjU2OC1lNWU2LTRkYTItYWIwZS1lMTJlNmVmZjBkZTIucGRm&n=MTA45bm05YWn5pS%2f57Wx6KiI5bm05aCx6Zu75a2Q5pu4LnBkZg%3d%3d&icon=.pdf
S0127,"Taiwan Ministry of the Interior, Department of Statistics (內政統計通報), foreign residents 外僑居留人數",Taiwan,foreign_nationals,2012;2013;2014;2015;2016;2017;2018;2019;2020;2021,downloaded,retrieved,200,339201,application/pdf,sources/S0127_ws-moi-gov-tw_download-ashx_8550fb2bc7d4.pdf,0ba7133ec6b8937ad8ae97f261585cde2efeecaffdf566350bf4528f5891fdb8,2026-08-17,unverified_local_proxy,,https://ws.moi.gov.tw/Download.ashx?u=LzAwMS9VcGxvYWQvNDAwL3JlbGZpbGUvMC8xNjA3NS8yZTk5ODk4OC05MTI4LTQ3Y2MtYTUwZi0yZjIwNzkzODk4ZDUucGRm&n=Mi7lpJbnsY3kurrlo6sucGRm&icon=.pdf
S0128,"Taiwan Ministry of the Interior, Department of Statistics (內政統計通報), foreign residents 外僑居留人數",Taiwan,foreign_nationals,2022,downloaded,retrieved,200,174451,application/pdf,sources/S0128_ws-moi-gov-tw_download-ashx_a537cfbc6136.pdf,e3d48cb247c29ce51237d2bc1db74c152139fe17e22de989d96b22be0ec14854,2026-08-17,unverified_local_proxy,,https://ws.moi.gov.tw/Download.ashx?u=LzAwMS9VcGxvYWQvNDAwL3JlbGZpbGUvMC8yMTkxNi9jYmRkNDNlYy0wOGU0LTRjMzMtOTBjMy05MGYyOGEyZjE3NDIucGRm&n=MTE05bm056ysMTbpgLHlhafmlL%2FntbHoqIjpgJrloLFf5aSW5YOR566h55CGLnBkZg%3D%3D&icon=.pdf
S0129,"內政部統計處 內政統計月報 115年5月 (MOI Dept. of Statistics, Monthly Bulletin of Interior Statistics, May 2026)",Taiwan,population,2017;2018;2019;2020;2021;2022,downloaded,retrieved,200,2610893,application/pdf,sources/S0129_ws-moi-gov-tw_download-ashx_66117c1ddaf4.pdf,74902aa64009fe845528181b2f9dddf30b0c34ef5203b3f4af576d0ac8e39324,2026-08-17,unverified_local_proxy,,https://ws.moi.gov.tw/Download.ashx?u=LzAwMS9VcGxvYWQvNDAwL3JlbGZpbGUvMC8yMzQ1NC85M2FlNzY2MC0xMDEwLTQxNGQtOGQ4NC00NjM3ZDE2ZjY4ZTcucGRm&n=MTE1MDUucGRm
S0130,"Fondazione ISMU, XXII Rapporto sulle migrazioni 2016",Italy,irregular_stock,2015;2016,downloaded,retrieved,200,358534,application/pdf,sources/S0130_antoniocasella-eu_ismu-1dic2016-pdf_e82b271125ad.pdf,9e9b9bfecfcd5e09daf71b26a9dcc173746ab293f01094c6341e2860ebcc4bb0,2026-08-17,unverified_local_proxy,,https://www.antoniocasella.eu/nume/Ismu_1dic2016.pdf
S0131,"Australian Department of Immigration and Border Protection, Senate Legal and Constitutional Affairs Committee, Budget Estimates Question on Notice BE17171",Australia,irregular_proxy_overstayers,2016,failed,failed,,0,,sources/S0131_aph-gov-au_be17171-pdf_7ca4aaa1f18d.error.txt,aa80cc8b2afb071ece359a53a1b6194261b5e41dfe2f799471e7f1e3e28a5ecf,2026-08-17,unverified_local_proxy,HTTP 403: Forbidden,https://www.aph.gov.au/~/media/Committees/legcon_ctte/estimates/bud_1718/DIBP/QoNs/BE17171.pdf
S0132,"Vogel, Dita (2015), Update report Germany: Estimated number of irregular foreign residents in Germany (Database on Irregular Migration), cited in bpb country profile",Germany,irregular_stock,2014,downloaded,retrieved,200,163736,text/html; charset=UTF-8,sources/S0132_bpb-de_irregulaere-migration-in-deutschland_39665f29509b.html,aa93c686228bf7ee6050e3daced5605836023b2724a4f7770118a00ac4c6565c,2026-08-17,unverified_local_proxy,,https://www.bpb.de/themen/migration-integration/regionalprofile/deutschland/256275/irregulaere-migration-in-deutschland/
S0133,"DHS Office of Homeland Security Statistics (Baker & Warren 2024), Estimates of the Unauthorized Immigrant Population Residing in the United States: January 2018-January 2022, as reproduced in Choices Magazine (AAEA)",United States,irregular_stock,2019;2020;2022,downloaded,retrieved,200,630921,application/pdf,sources/S0133_choicesmagazine-org_cmsarticle-991-pdf_7cf85a3000b6.pdf,a6fe9216199694c5f5406d4530e1f550621cfb76984a02531fc033e2bd5d7b04,2026-08-17,unverified_local_proxy,,https://www.choicesmagazine.org/UserFiles/file/cmsarticle_991.pdf
S0134,"Fondazione ISMU, XXVI Rapporto sulle migrazioni 2020",Italy,irregular_stock,2020,failed,failed,,0,,sources/S0134_cinformi-it_i-dati-del-rapporto-ismu-sulle-migrazioni-2020_c6faf3549584.error.txt,fd9ca287b4717ce281ca9393741c90caa2c43859718309b33e211a30eabf62d4,2026-08-17,unverified_local_proxy,URLError: <urlopen error [WinError 10060] 連線嘗試失敗，因為連線對象有一段時間並未正確回應，或是連線建立失敗，因為連線的主機無法回應。>,https://www.cinformi.it/Comunicazione/Notizie/I-dati-del-Rapporto-ISMU-sulle-migrazioni-2020
S0135,Presidency of Migration Management / Goc Idaresi Baskanligi (GIB) figures reported by Demiroren Haber Ajansi (DHA),Turkey,irregular_proxy_detections,2010;2014;2015;2018;2019;2020;2022,downloaded,retrieved,200,73763,text/html; charset=utf-8,sources/S0135_dha-com-tr_guzel-yasam-icin-hedef-ulke-turkiyede-20-yilda-2-6-milyon-du_0e80e57c4f60.html,779115768913324625ef1b83630d024e083e88634bc33e2a4d542c22a3365e3f,2026-08-17,unverified_local_proxy,,https://www.dha.com.tr/gundem/guzel-yasam-icin-hedef-ulke-turkiyede-20-yilda-2-6-milyon-duzensiz-gocmen-yakalandi-2478884
S0136,"Ministry of Justice of Korea, Immigration and Foreign Policy Statistics (불법체류외국인), reported via EKW",Korea (South),irregular_proxy_overstayers,2018;2020;2021;2022,downloaded,retrieved,200,174788,text/html; charset=utf-8,sources/S0136_ekw-co-kr_articleview-html_105b83a46b7f.html,9a1f2847ad9a640d51ec68201bc2b4ed21d6041347c97598a7e65a945e3d2dc6,2026-08-17,unverified_local_proxy,,https://www.ekw.co.kr/news/articleView.html?idxno=11130
S0137,"Funcas (2024), Estimacion de la poblacion en situacion irregular en Espana, Cuadro 1, Estimacion 2 | Funcas (2024), Estimacion de la poblacion en situacion irregular en Espana, Cuadro 1, Estimacion 1",Spain,irregular_stock,2017;2018;2019;2020;2021;2022,downloaded,retrieved,200,415147,application/pdf,sources/S0137_funcas-es_2405-ncs-pdf_e1cb7e4f15cb.pdf,3a375482a595f06d7a367f8b4bd960be9e5c4d5bcc891512bc2c7897d57d24d8,2026-08-17,unverified_local_proxy,,https://www.funcas.es/wp-content/uploads/2024/05/2405-NCS.pdf
S0138,"Global Detention Project, Japan Immigration Detention Profile (reproducing Ministry of Justice, 2011, p.34)",Japan,irregular_proxy_overstayers,2011,downloaded,retrieved,200,729399,text/html; charset=UTF-8,sources/S0138_globaldetentionproject-org_japan_3d78e0e34dac.html,cd8b846c3c0919d8814a4a4aab4d3a761c17c9bb168f6b1f6069dced4c7bc28d,2026-08-17,unverified_local_proxy,,https://www.globaldetentionproject.org/countries/asia-pacific/japan
S0139,"Israel Population and Immigration Authority (רשות האוכלוסין וההגירה), Foreigners in Israel (נתוני זרים בישראל), Q1 2022",Israel,irregular_stock,2020;2022,failed,failed,,0,,sources/S0139_gov-il_zarim-2022-q1-pdf_7db9caa2a53e.error.txt,99bf39c7f647fcc61cf2d04d3ddf834c40b3ec53a10dccf0febc66e8db98b45b,2026-08-17,unverified_local_proxy,HTTP 403: Forbidden,https://www.gov.il/BlobFolder/generalpage/foreign_workers_stats/he/zarim_2022_q1.pdf
S0140,"Australian Department of Immigration and Border Protection (2016), Annual Report 2015-16, p.51",Australia,irregular_proxy_overstayers,2015,downloaded,retrieved,200,3147781,application/pdf,sources/S0140_homeaffairs-gov-au_dibp-annual-report-2015-16-pdf_a4a339e2689a.pdf,0dbc6057a372d8fc2ba8616379ddc718e0e48e1329449f7d77b1a2754be7f09f,2026-08-17,unverified_local_proxy,,https://www.homeaffairs.gov.au/reports-and-pubs/Annualreports/dibp-annual-report-2015-16.pdf
S0141,"Australian Department of Immigration and Citizenship (2012), Trends in Migration: Australia 2010-11, Table 11",Australia,irregular_proxy_overstayers,2011,downloaded,retrieved,200,1963756,application/pdf,sources/S0141_homeaffairs-gov-au_trends-in-migration-2010-11-pdf_73ef5710eea1.pdf,86f92b3f92a228caa068a53dd140986215a65067f61a5fa3346b7810bbc11f7e,2026-08-17,unverified_local_proxy,,https://www.homeaffairs.gov.au/research-and-stats/files/trends-in-migration-2010-11.pdf
S0142,"Instituto Nacional de Estadisticas (INE) and Servicio Nacional de Migraciones (SERMIG), Estimacion de Personas Extranjeras Residentes Habituales en Chile 2023 - Sintesis (2023 revised methodology) | Instituto Nacional de Estadisticas (INE) and Servicio Nacional de Migraciones (SERMIG), Estimacion de Personas Extranjeras Residentes Habituales en Chile 2023 - Sintesis (2022 methodology series)",Chile,irregular_stock,2018;2019;2020;2021;2022,downloaded,retrieved,200,1110426,application/pdf,sources/S0142_ine-gob-cl_sintesis-epe2023-pdf_54314fdd9022.pdf,5a442007e6bb92e17f6e38749f6f97cf725323912eff67c2cbdea3dcc572d9c7,2026-08-17,unverified_local_proxy,,https://www.ine.gob.cl/docs/default-source/demografia-y-migracion/publicaciones-y-anuarios/migraci%C3%B3n-internacional/estimaci%C3%B3n-poblaci%C3%B3n-extranjera-en-chile-2018/sintesis-epe2023.pdf?sfvrsn=cc51129c_10
S0143,"Instituto Nacional de Estadisticas (INE) de Chile, press release 29 December 2023",Chile,irregular_stock,2022,downloaded,retrieved,200,101880,text/html; charset=utf-8,sources/S0143_ine-gob-cl_poblaci-c3-b3n-extranjera-residente-en-chile-super-c3-b3-los_fd5beb9b2c93.html,b5f2c1d38d4f0ec0872d6e9b955eb806d4f246442ba7961fc617cb9417b0b094,2026-08-17,unverified_local_proxy,,https://www.ine.gob.cl/sala-de-prensa/prensa/general/noticia/2023/12/29/poblaci%C3%B3n-extranjera-residente-en-chile-super%C3%B3-los-1-6-millones-de-personas-en-2022-con-un-6-6-de-ellas-en-situaci%C3%B3n-irregular
S0144,"Fondazione ISMU, XXV Rapporto sulle migrazioni 2019",Italy,irregular_stock,2019,failed,failed,,0,,sources/S0144_ismu-org_comunicato-stampa-xxv-rapporto-ismu_eba26fc1ffcc.error.txt,7d51b961b87f5c539ed8a7d35aad2958e46d710c169b707e0c18ef678e412a7a,2026-08-17,unverified_local_proxy,HTTP 403: Forbidden,https://www.ismu.org/comunicato-stampa-xxv-rapporto-ismu/
S0145,"Fondazione ISMU, XXVII Rapporto sulle migrazioni 2021",Italy,irregular_stock,2021;2022,failed,failed,,0,,sources/S0145_ismu-org_xxvii-rapporto-sulle-migrazioni-2021-comunicato-stampa-11-2-_947a7da05f20.error.txt,ac1b1610f96c6e1d84ec5052e63e8c1e94646bbc52edc1a2fb4858b68b4d8f3b,2026-08-17,unverified_local_proxy,HTTP 403: Forbidden,https://www.ismu.org/xxvii-rapporto-sulle-migrazioni-2021-comunicato-stampa-11-2-2022/
S0146,"National Immigration Agency (內政部移民署), reported by the Legislative Yuan Budget Center | National Immigration Agency / Ministry of Labor (失聯移工), reported by the Legislative Yuan Budget Center",Taiwan,irregular_proxy_overstayers,2014;2015;2016;2017;2018;2019,downloaded,retrieved,200,144817,text/html; charset=utf-8,sources/S0146_ly-gov-tw_detail-aspx_0389bd84caed.html,1e01dc857fe22249e4618c92f36a63823933b8a5159a191926f62b2a0ac19041,2026-08-17,unverified_local_proxy,,https://www.ly.gov.tw/Pages/Detail.aspx?nodeid=33580&pid=188916
S0147,"Migration Policy Institute (with Jennifer Van Hook, Penn State), Diverse Flows Drive Increase in U.S. Unauthorized Immigrant Population (July 2024)",United States,irregular_stock,2019;2021;2022,downloaded,retrieved,200,109232,text/html; charset=utf-8,sources/S0147_migrationpolicy-org_diverse-flows-drive-increase-us-unauthorized-immigrant-popul_aa4396b0faaa.html,0ef7826372d25b6a15f1a8dbf9390b1b3f7565d9a71db68591f24df97fe7570c,2026-08-17,unverified_local_proxy,,https://www.migrationpolicy.org/commentary/diverse-flows-drive-increase-us-unauthorized-immigrant-population
S0148,"Migration Policy Institute, Unauthorized Immigrants in the United States: Stable Numbers, Changing Origins",United States,irregular_stock,2011;2018,downloaded,retrieved,200,2370062,application/pdf,sources/S0148_migrationpolicy-org_mpi-unauthorized-immigrants-stablenumbers-changingorigins-fi_eb0386fb03f4.pdf,628fbc9579129fb1442d919c98a733d1751c4cd0dbf776e7c517c90c248e638c,2026-08-17,unverified_local_proxy,,https://www.migrationpolicy.org/sites/default/files/publications/mpi-unauthorized-immigrants-stablenumbers-changingorigins_final.pdf
S0149,"出入国在留管理庁 本邦における不法残留者数について (Immigration Services Agency of Japan, Number of Overstayers in Japan) | Immigration Services Agency of Japan, Honpo ni okeru fuho zanryusha su ni tsuite (Reiwa 3-nen 1-gatsu 1-nichi genzai), Table 1 (Dai-1-hyo)",Japan,irregular_proxy_overstayers,2017;2018;2019,downloaded,retrieved,200,965699,application/pdf,sources/S0149_moj-go-jp_001344148-pdf_104b9dceb062.pdf,06d04dae4286a0f806bf26f1b6ac50b63a7181351a8473ac82ac19e1bc44922f,2026-08-17,unverified_local_proxy,,https://www.moj.go.jp/isa/content/001344148.pdf
S0150,"出入国在留管理庁 本邦における不法残留者数について (Immigration Services Agency of Japan, Number of Overstayers in Japan)",Japan,irregular_proxy_overstayers,2018;2019;2020;2021;2022,downloaded,retrieved,200,129563,application/pdf,sources/S0150_moj-go-jp_001344904-pdf_a6a152b027d8.pdf,fdf1fd57e1505a8c3eb04bbbee6ef2fb362bd81e349bce6696decc714b4384ce,2026-08-17,unverified_local_proxy,,https://www.moj.go.jp/isa/content/001344904.pdf
S0151,"出入国在留管理庁 本邦における不法残留者数について (Immigration Services Agency of Japan, Number of Overstayers in Japan)",Japan,irregular_proxy_overstayers,2014,downloaded,retrieved,200,1313015,application/pdf,sources/S0151_moj-go-jp_001459199-pdf_0a502466cc2b.pdf,b1d727361d9b711cedab39c29cbd4f1dc289f8a7fe0012b240b1c82046df7c82,2026-08-17,unverified_local_proxy,,https://www.moj.go.jp/isa/content/001459199.pdf
S0152,"Japan Immigration Services Agency (2015), Immigration Control in Recent Years, Table 21 (changes in the estimated number of foreign nationals overstaying) | Japan Immigration Services Agency (2015), Immigration Control in Recent Years",Japan,irregular_proxy_overstayers,2010;2012;2013;2015,downloaded,retrieved,200,7589110,application/pdf,sources/S0152_moj-go-jp_930003133-pdf_d650ae6b3e09.pdf,e194b147c1d54b2ec3dde796bdbec2ffb95d4efb64e168bbe39d655a1560b2c0,2026-08-17,unverified_local_proxy,,https://www.moj.go.jp/isa/content/930003133.pdf
S0153,"Immigration Services Agency of Japan, Overstayers as of 1 January (本邦における不法残留者数について)",Japan,irregular_proxy_overstayers,2022,downloaded,retrieved,200,32698,text/html,sources/S0153_moj-go-jp_13-00003-html_d37c1fe6c04a.html,06dca1370a59f48504aef9e90a829202f132da1d619ee56231394b3b68b8c595,2026-08-17,unverified_local_proxy,,https://www.moj.go.jp/isa/publications/press/13_00003.html
S0154,"Immigration Services Agency of Japan, Overstayers as of 1 January (本邦における不法残留者数について)",Japan,irregular_proxy_overstayers,2020;2021,downloaded,retrieved,200,24162,text/html,sources/S0154_moj-go-jp_13-00013-html_f678d4147a6a.html,8600ef4c343daf79a6d2e10d33c9f323a526dad43c42a896a85c970050ce3b3d,2026-08-17,unverified_local_proxy,,https://www.moj.go.jp/isa/publications/press/13_00013.html
S0155,"Fondazione ISMU estimate, reported in Neodemos",Italy,irregular_stock,2017,downloaded,retrieved,200,129358,text/html; charset=UTF-8,sources/S0155_neodemos-info_irregolari-sanatorie-e-rimpatri_f0d9c273a11e.html,3c5f83095b9329eca0b0e91d40e8258429bc9ca2e00f0e5681efe0f949741c2f,2026-08-17,unverified_local_proxy,,https://www.neodemos.info/2018/07/27/irregolari-sanatorie-e-rimpatri/
S0156,"Ministry of Justice Immigration Bureau, Honpo ni okeru fuho zanryusha su ni tsuite (Heisei 26-nen 1-gatsu 1-nichi genzai), mirrored by Nisshinkyo",Japan,irregular_proxy_overstayers,2014,failed,failed,,0,,sources/S0156_nisshinkyo-org_g-26-2-pdf_805a6e50e069.error.txt,b2b2cb3634a0ae3607692d2a6a58f8362d0b70b02479c9cdf79e93037987e135,2026-08-17,unverified_local_proxy,HTTP 404: Not Found,https://www.nisshinkyo.org/news/pdf/G-26-2.pdf
S0157,"ONS, Population of the UK by country of birth and nationality",United Kingdom,foreign_born; foreign_born;foreign_nationals; foreign_nationals,2020,downloaded,retrieved,200,90593,text/html;charset=utf-8,sources/S0157_ons-gov-uk_yearendingjune2020_1df74ac4a612.html,b2847261ab5db8a918c550dc4daf5282d1f3cce01d1a8d4c78232c88ae53421e,2026-08-17,unverified_local_proxy,,https://www.ons.gov.uk/peoplepopulationandcommunity/populationandmigration/internationalmigration/bulletins/ukpopulationbycountryofbirthandnationality/yearendingjune2020
S0158,"ONS, Population of the UK by country of birth and nationality",United Kingdom,foreign_born; foreign_born;foreign_nationals; foreign_nationals,2021,downloaded,retrieved,200,92069,text/html;charset=utf-8,sources/S0158_ons-gov-uk_yearendingjune2021_ecedb72bf9e9.html,f793e07b36919939865d040c51fb6129f932245ae5a734405ba540111afb4be9,2026-08-17,unverified_local_proxy,,https://www.ons.gov.uk/peoplepopulationandcommunity/populationandmigration/internationalmigration/bulletins/ukpopulationbycountryofbirthandnationality/yearendingjune2021
S0159,"Pew Research Center (2019), Europe's Unauthorized Immigrant Population Peaks in 2016, Then Levels Off - Appendix E corrected estimates",United Kingdom,irregular_stock,2017,downloaded,retrieved,200,477128,text/html; charset=UTF-8,sources/S0159_pewresearch-org_eu-unauthorized-immigrants-appendix-e-updated-unauthorized-i_e4e64e17a6b0.html,9beac7eb4636987dcf1241fbaf55eb5ad979fd24c9020437a7da36ced974f55e,2026-08-17,unverified_local_proxy,,https://www.pewresearch.org/global/2019/11/13/eu-unauthorized-immigrants-appendix-e-updated-unauthorized-immigrant-population-estimates-for-europe-and-the-united-kingdom-2014-2017/
S0160,"Pew Research Center (2019), Europe's Unauthorized Immigrant Population Peaks in 2016, Then Levels Off",Austria; Czech Republic; France; Germany; Italy; Spain; Switzerland,irregular_stock,2014;2015;2016;2017; 2017,downloaded,retrieved,200,504541,text/html; charset=UTF-8,sources/S0160_pewresearch-org_europes-unauthorized-immigrant-population-peaks-in-2016-then_d57b419efda0.html,01b895c3a3c21e7a2917d94becf363084bd5b8c1cb081d5002700a988aed23d9,2026-08-17,unverified_local_proxy,,https://www.pewresearch.org/global/2019/11/13/europes-unauthorized-immigrant-population-peaks-in-2016-then-levels-off/
S0161,"Pew Hispanic Center, Unauthorized Immigrant Population: National and State Trends, 2010",United States,irregular_stock,2010,downloaded,retrieved,200,472101,text/html; charset=UTF-8,sources/S0161_pewresearch-org_unauthorized-immigrant-population-brnational-and-state-trend_89a5564cac56.html,7da89713cf45f3461379900bf6ae5cf3352adc7e917288e4d0d584398f75db9f,2026-08-17,unverified_local_proxy,,https://www.pewresearch.org/race-and-ethnicity/2011/02/01/unauthorized-immigrant-population-brnational-and-state-trends-2010/
S0162,"Pew Research Center, Unauthorized immigrant population trends",United States,irregular_stock,2017,downloaded,retrieved,200,380018,text/html; charset=UTF-8,sources/S0162_pewresearch-org_unauthorized-trends_40556c97a4f8.html,5072c1c1f6dbe4001d14a1db679417813323530642826e1f2dfc4368d57cfabf,2026-08-17,unverified_local_proxy,,https://www.pewresearch.org/race-and-ethnicity/feature/unauthorized-trends/
S0163,"Pew Research Center, What we know about unauthorized immigrants living in the U.S. (July 2024)",United States,irregular_stock,2021;2022,downloaded,retrieved,200,444847,text/html; charset=UTF-8,sources/S0163_pewresearch-org_what-we-know-about-unauthorized-immigrants-living-in-the-us_a9cf4bd7535c.html,04490f02729244cad2ea46e594263536b75e39748ce0b7868fe617962e30916f,2026-08-17,unverified_local_proxy,,https://www.pewresearch.org/short-reads/2024/07/22/what-we-know-about-unauthorized-immigrants-living-in-the-us/
S0164,"Pew Research Center, Q&A: How Pew Research Center estimates the number of unauthorized immigrants living in the U.S. (22 August 2025)",United States,irregular_stock,2021;2022,downloaded,retrieved,200,417979,text/html; charset=UTF-8,sources/S0164_pewresearch-org_qa-how-pew-research-center-estimates-the-number-of-unauthori_a42cc2fb5071.html,ebf5db3b799a313414ecdf05a62df5acae4f4c73208a9b80147506ed6121b6a5,2026-08-17,unverified_local_proxy,,https://www.pewresearch.org/short-reads/2025/08/22/qa-how-pew-research-center-estimates-the-number-of-unauthorized-immigrants-living-in-the-us/
S0165,"Morlok, Oswald, Meier, Efionayi-Mader, Ruedin, Bader, Wanner (2015), Sans-Papiers in der Schweiz 2015, State Secretariat for Migration (SEM)",Switzerland,irregular_stock,2015,failed,failed,,0,,sources/S0165_sem-admin-ch_ber-sanspapiers-2015-d-pdf_7c4a9b44b34f.error.txt,16b6dece151a3d45074d74ebf782024858989db7b92b0b192e85aa1a9ef9ee1d,2026-08-17,unverified_local_proxy,HTTP 404: Not Found,https://www.sem.admin.ch/dam/sem/de/data/internationales/illegale-migration/sans_papiers/ber-sanspapiers-2015-d.pdf
S0166,National Bureau of Statistics of China - 2010 Population Census (Sixth National Population Census),China,foreign_nationals,2010,downloaded,retrieved,200,19101,text/html,sources/S0166_stats-gov-cn_t20110429-26451-html_d229a4a047ae.html,23e20136c584618a211a2647fa5eac65a2fa5ade4af2e5c7f24886a8df1217c4,2026-08-17,unverified_local_proxy,,https://www.stats.gov.cn/english/NewsEvents/201104/t20110429_26451.html
S0167,National Bureau of Statistics of China - Communique of the Seventh National Population Census (No. 8),China,foreign_nationals,2020,downloaded,retrieved,200,18806,text/html,sources/S0167_stats-gov-cn_t20210510-1817193-html_b5b4dfbe511b.html,06cacd7df5779c8903386aefa497795abf59284071e94f43d618bdda20cb1cca,2026-08-17,unverified_local_proxy,,https://www.stats.gov.cn/english/PressRelease/202105/t20210510_1817193.html
S0168,National Statistics Office (Philippines) - 2010 Census of Population and Housing (reported by SunStar),Philippines,foreign_nationals,2010,downloaded,retrieved,200,763778,text/html; charset=utf-8,sources/S0168_sunstar-com-ph_nearly-200000-foreigners-living-in-philippines-census_10e496fe17f1.html,18eed64a1c98efedd64a8303c512b5e5438254d5bac39de59d76d8ca92e71d0b,2026-08-17,unverified_local_proxy,,https://www.sunstar.com.ph/bacolod/nearly-200000-foreigners-living-in-philippines-census
S0169,"Russian Ministry of Internal Affairs (MVD) data, reported by The Moscow Times, 16 April 2021",Russia,irregular_stock,2020,downloaded,retrieved,200,52062,text/html; charset=UTF-8,sources/S0169_themoscowtimes-com_russia-tells-illegal-migrants-from-post-soviet-countries-to-_8d3ec48e1d75.html,16292eff27fc3b3714e352de8f807f54c5a0dc8126d657e960b0962be45cd125,2026-08-17,unverified_local_proxy,,https://www.themoscowtimes.com/2021/04/16/russia-tells-illegal-migrants-from-post-soviet-countries-to-leave-by-june-15-a73623
S0170,"UN DESA Population Division, International Migrant Stock 2024, total destination, Table 1",,immigrant stock alternative,,downloaded,retrieved,200,541936,application/vnd.openxmlformats-officedocument.spreadsheetml.sheet,sources/S0170_un-org_undesa-pd-2024-ims-stock-by-sex-and-destination-xlsx_38e44c89a933.xml,894fe0637f649e9eb2555915e7f5d6e9818a913b7653c8d7b5e3803fc236ce82,2026-08-17,unverified_local_proxy,,https://www.un.org/development/desa/pd/sites/www.un.org.development.desa.pd/files/undesa_pd_2024_ims_stock_by_sex_and_destination.xlsx
S0171,"Fondazione ISMU, XXIV Rapporto sulle migrazioni 2018",Italy,irregular_stock,2018,downloaded,retrieved,200,135398,text/html; charset=UTF-8,sources/S0171_vita-it_rapporto-ismu-calano-gli-sbarcati-ma-sale-la-quota-degli-irr_e4b2bfdc1fe0.html,78a5567b4dcccb9c3db5e3ab150ecd2dce1462b9b0bcf80080e3a990d0fc76a6,2026-08-17,unverified_local_proxy,,https://www.vita.it/rapporto-ismu-calano-gli-sbarcati-ma-sale-la-quota-degli-irregolari/
S0172,"Van der Heijden, Cruyff, Van Gils (WODC), Schattingen onrechtmatig in Nederland verblijvende vreemdelingen 2017-2018",Netherlands,irregular_stock,2017,downloaded,retrieved,200,207965,text/html; charset=utf-8,sources/S0172_wodc-nl_nieuwe-schatting-voor-de-periode-medio-2017-medio-2018_bf90e24ca2a8.html,84d76b44ee5fcaaa3eb7fcb46aabfbf4cb00a8ca7da04b9b959c7c43dbb770ce,2026-08-17,unverified_local_proxy,,https://www.wodc.nl/actueel/nieuws/2020/12/16/nieuwe-schatting-voor-de-periode-medio-2017---medio-2018
S0173,"Van der Heijden, Cruyff, Lugtig, Engbersen, Van Gils (WODC/Utrecht University/Erasmus University Rotterdam), Schattingen onrechtmatig in Nederland verblijvende vreemdelingen medio 2018-2019 tot medio 2022-2023",Netherlands,irregular_stock,2018;2019;2020;2021;2022,downloaded,retrieved,200,233609,text/html; charset=utf-8,sources/S0173_wodc-nl_nieuwe-schattingen-beschikbaar-over-het-aantal-vreemdelingen_e1fe3b803c20.html,daee2a50307f6a5ec0c7d74b57d10f939524b246df75b3867e0ec145cd9c123b,2026-08-17,unverified_local_proxy,,https://www.wodc.nl/actueel/nieuws/2026/03/31/nieuwe-schattingen-beschikbaar-over-het-aantal-vreemdelingen-zonder-verblijfsvergunning
